1	3
1	3
1	3
1	3
1	3
1	3
1	3
1	3
1	3
1	3
2	2
2	2
2	2
2	2
2	2
2	2
2	2
2	2
2	2
2	2
3	1
3	1
3	1
3	1
3	1
3	1
3	1
3	1
3	1
3	1
4	0
4	0
4	0
4	0
4	0
4	0
4	0
4	0
4	0
4	0
5	3
5	3
5	3
5	3
5	3
5	3
5	3
5	3
5	3
5	3
6	2
6	2
6	2
6	2
6	2
6	2
6	2
6	2
6	2
6	2
7	0
7	0
7	0
7	0
7	0
7	0
7	0
7	0
7	0
7	0
8	0
8	0
8	0
8	0
8	0
8	0
8	0
8	0
8	0
8	0
9	0
9	0
9	0
9	0
9	0
9	0
9	0
9	0
9	0
9	0
10	0
10	0
10	0
10	0
10	0
10	0
10	0
10	0
10	0
10	0
11	0
11	0
11	0
11	0
11	0
11	0
11	0
11	0
11	0
11	0
12	1
12	1
12	1
12	1
12	1
12	1
12	1
12	1
12	1
12	1
13	3
13	3
13	3
13	3
13	3
13	3
13	3
13	3
13	3
13	3
14	1
14	1
14	1
14	1
14	1
14	1
14	1
14	1
14	1
14	1
15	3
15	3
15	3
15	3
15	3
15	3
15	3
15	3
15	3
15	3
16	0
16	0
16	0
16	0
16	0
16	0
16	0
16	0
16	0
16	0
17	3
17	3
17	3
17	3
17	3
17	3
17	3
17	3
17	3
17	3
18	1
18	1
18	1
18	1
18	1
18	1
18	1
18	1
18	1
18	1
19	1
19	1
19	1
19	1
19	1
19	1
19	1
19	1
19	1
19	1
20	1
20	1
20	1
20	1
20	1
20	1
20	1
20	1
20	1
20	1
21	2
21	2
21	2
21	2
21	2
21	2
21	2
21	2
21	2
21	2
22	3
22	3
22	3
22	3
22	3
22	3
22	3
22	3
22	3
22	3
23	0
23	0
23	0
23	0
23	0
23	0
23	0
23	0
23	0
23	0
24	1
24	1
24	1
24	1
24	1
24	1
24	1
24	1
24	1
24	1
25	2
25	2
25	2
25	2
25	2
25	2
25	2
25	2
25	2
25	2
26	3
26	3
26	3
26	3
26	3
26	3
26	3
26	3
26	3
26	3
27	3
27	3
27	3
27	3
27	3
27	3
27	3
27	3
27	3
27	3
28	2
28	2
28	2
28	2
28	2
28	2
28	2
28	2
28	2
28	2
29	3
29	3
29	3
29	3
29	3
29	3
29	3
29	3
29	3
29	3
30	1
30	1
30	1
30	1
30	1
30	1
30	1
30	1
30	1
30	1
31	2
31	2
31	2
31	2
31	2
31	2
31	2
31	2
31	2
31	2
32	1
32	1
32	1
32	1
32	1
32	1
32	1
32	1
32	1
32	1
33	0
33	0
33	0
33	0
33	0
33	0
33	0
33	0
33	0
33	0
34	0
34	0
34	0
34	0
34	0
34	0
34	0
34	0
34	0
34	0
35	3
35	3
35	3
35	3
35	3
35	3
35	3
35	3
35	3
35	3
36	3
36	3
36	3
36	3
36	3
36	3
36	3
36	3
36	3
36	3
37	3
37	3
37	3
37	3
37	3
37	3
37	3
37	3
37	3
37	3
38	2
38	2
38	2
38	2
38	2
38	2
38	2
38	2
38	2
38	2
39	3
39	3
39	3
39	3
39	3
39	3
39	3
39	3
39	3
39	3
40	2
40	2
40	2
40	2
40	2
40	2
40	2
40	2
40	2
40	2
41	2
41	2
41	2
41	2
41	2
41	2
41	2
41	2
41	2
41	2
42	0
42	0
42	0
42	0
42	0
42	0
42	0
42	0
42	0
42	0
43	3
43	3
43	3
43	3
43	3
43	3
43	3
43	3
43	3
43	3
44	2
44	2
44	2
44	2
44	2
44	2
44	2
44	2
44	2
44	2
45	0
45	0
45	0
45	0
45	0
45	0
45	0
45	0
45	0
45	0
46	0
46	0
46	0
46	0
46	0
46	0
46	0
46	0
46	0
46	0
47	1
47	1
47	1
47	1
47	1
47	1
47	1
47	1
47	1
47	1
48	2
48	2
48	2
48	2
48	2
48	2
48	2
48	2
48	2
48	2
49	2
49	2
49	2
49	2
49	2
49	2
49	2
49	2
49	2
49	2
50	1
50	1
50	1
50	1
50	1
50	1
50	1
50	1
50	1
50	1
51	2
51	2
51	2
51	2
51	2
51	2
51	2
51	2
51	2
51	2
52	2
52	2
52	2
52	2
52	2
52	2
52	2
52	2
52	2
52	2
53	1
53	1
53	1
53	1
53	1
53	1
53	1
53	1
53	1
53	1
54	0
54	0
54	0
54	0
54	0
54	0
54	0
54	0
54	0
54	0
55	2
55	2
55	2
55	2
55	2
55	2
55	2
55	2
55	2
55	2
56	1
56	1
56	1
56	1
56	1
56	1
56	1
56	1
56	1
56	1
57	3
57	3
57	3
57	3
57	3
57	3
57	3
57	3
57	3
57	3
58	3
58	3
58	3
58	3
58	3
58	3
58	3
58	3
58	3
58	3
59	1
59	1
59	1
59	1
59	1
59	1
59	1
59	1
59	1
59	1
60	2
60	2
60	2
60	2
60	2
60	2
60	2
60	2
60	2
60	2
61	3
61	3
61	3
61	3
61	3
61	3
61	3
61	3
61	3
61	3
62	0
62	0
62	0
62	0
62	0
62	0
62	0
62	0
62	0
62	0
63	1
63	1
63	1
63	1
63	1
63	1
63	1
63	1
63	1
63	1
64	2
64	2
64	2
64	2
64	2
64	2
64	2
64	2
64	2
64	2
65	3
65	3
65	3
65	3
65	3
65	3
65	3
65	3
65	3
65	3
66	3
66	3
66	3
66	3
66	3
66	3
66	3
66	3
66	3
66	3
67	2
67	2
67	2
67	2
67	2
67	2
67	2
67	2
67	2
67	2
68	0
68	0
68	0
68	0
68	0
68	0
68	0
68	0
68	0
68	0
69	2
69	2
69	2
69	2
69	2
69	2
69	2
69	2
69	2
69	2
70	2
70	2
70	2
70	2
70	2
70	2
70	2
70	2
70	2
70	2
71	2
71	2
71	2
71	2
71	2
71	2
71	2
71	2
71	2
71	2
72	3
72	3
72	3
72	3
72	3
72	3
72	3
72	3
72	3
72	3
73	1
73	1
73	1
73	1
73	1
73	1
73	1
73	1
73	1
73	1
74	1
74	1
74	1
74	1
74	1
74	1
74	1
74	1
74	1
74	1
75	3
75	3
75	3
75	3
75	3
75	3
75	3
75	3
75	3
75	3
76	3
76	3
76	3
76	3
76	3
76	3
76	3
76	3
76	3
76	3
77	3
77	3
77	3
77	3
77	3
77	3
77	3
77	3
77	3
77	3
78	3
78	3
78	3
78	3
78	3
78	3
78	3
78	3
78	3
78	3
79	2
79	2
79	2
79	2
79	2
79	2
79	2
79	2
79	2
79	2
80	1
80	1
80	1
80	1
80	1
80	1
80	1
80	1
80	1
80	1
81	1
81	1
81	1
81	1
81	1
81	1
81	1
81	1
81	1
81	1
82	2
82	2
82	2
82	2
82	2
82	2
82	2
82	2
82	2
82	2
83	0
83	0
83	0
83	0
83	0
83	0
83	0
83	0
83	0
83	0
84	0
84	0
84	0
84	0
84	0
84	0
84	0
84	0
84	0
84	0
85	1
85	1
85	1
85	1
85	1
85	1
85	1
85	1
85	1
85	1
86	0
86	0
86	0
86	0
86	0
86	0
86	0
86	0
86	0
86	0
87	1
87	1
87	1
87	1
87	1
87	1
87	1
87	1
87	1
87	1
88	1
88	1
88	1
88	1
88	1
88	1
88	1
88	1
88	1
88	1
89	0
89	0
89	0
89	0
89	0
89	0
89	0
89	0
89	0
89	0
90	1
90	1
90	1
90	1
90	1
90	1
90	1
90	1
90	1
90	1
91	1
91	1
91	1
91	1
91	1
91	1
91	1
91	1
91	1
91	1
92	0
92	0
92	0
92	0
92	0
92	0
92	0
92	0
92	0
92	0
93	2
93	2
93	2
93	2
93	2
93	2
93	2
93	2
93	2
93	2
94	3
94	3
94	3
94	3
94	3
94	3
94	3
94	3
94	3
94	3
95	1
95	1
95	1
95	1
95	1
95	1
95	1
95	1
95	1
95	1
96	2
96	2
96	2
96	2
96	2
96	2
96	2
96	2
96	2
96	2
97	1
97	1
97	1
97	1
97	1
97	1
97	1
97	1
97	1
97	1
98	2
98	2
98	2
98	2
98	2
98	2
98	2
98	2
98	2
98	2
99	0
99	0
99	0
99	0
99	0
99	0
99	0
99	0
99	0
99	0
100	0
100	0
100	0
100	0
100	0
100	0
100	0
100	0
100	0
100	0
101	2
101	2
101	2
101	2
101	2
101	2
101	2
101	2
101	2
101	2
102	1
102	1
102	1
102	1
102	1
102	1
102	1
102	1
102	1
102	1
103	1
103	1
103	1
103	1
103	1
103	1
103	1
103	1
103	1
103	1
104	2
104	2
104	2
104	2
104	2
104	2
104	2
104	2
104	2
104	2
105	1
105	1
105	1
105	1
105	1
105	1
105	1
105	1
105	1
105	1
106	3
106	3
106	3
106	3
106	3
106	3
106	3
106	3
106	3
106	3
107	3
107	3
107	3
107	3
107	3
107	3
107	3
107	3
107	3
107	3
108	0
108	0
108	0
108	0
108	0
108	0
108	0
108	0
108	0
108	0
109	1
109	1
109	1
109	1
109	1
109	1
109	1
109	1
109	1
109	1
110	2
110	2
110	2
110	2
110	2
110	2
110	2
110	2
110	2
110	2
111	3
111	3
111	3
111	3
111	3
111	3
111	3
111	3
111	3
111	3
112	0
112	0
112	0
112	0
112	0
112	0
112	0
112	0
112	0
112	0
113	3
113	3
113	3
113	3
113	3
113	3
113	3
113	3
113	3
113	3
114	2
114	2
114	2
114	2
114	2
114	2
114	2
114	2
114	2
114	2
115	2
115	2
115	2
115	2
115	2
115	2
115	2
115	2
115	2
115	2
116	3
116	3
116	3
116	3
116	3
116	3
116	3
116	3
116	3
116	3
117	2
117	2
117	2
117	2
117	2
117	2
117	2
117	2
117	2
117	2
118	2
118	2
118	2
118	2
118	2
118	2
118	2
118	2
118	2
118	2
119	0
119	0
119	0
119	0
119	0
119	0
119	0
119	0
119	0
119	0
120	0
120	0
120	0
120	0
120	0
120	0
120	0
120	0
120	0
120	0
121	0
121	0
121	0
121	0
121	0
121	0
121	0
121	0
121	0
121	0
122	2
122	2
122	2
122	2
122	2
122	2
122	2
122	2
122	2
122	2
123	2
123	2
123	2
123	2
123	2
123	2
123	2
123	2
123	2
123	2
124	2
124	2
124	2
124	2
124	2
124	2
124	2
124	2
124	2
124	2
125	0
125	0
125	0
125	0
125	0
125	0
125	0
125	0
125	0
125	0
126	2
126	2
126	2
126	2
126	2
126	2
126	2
126	2
126	2
126	2
127	3
127	3
127	3
127	3
127	3
127	3
127	3
127	3
127	3
127	3
128	3
128	3
128	3
128	3
128	3
128	3
128	3
128	3
128	3
128	3
129	2
129	2
129	2
129	2
129	2
129	2
129	2
129	2
129	2
129	2
130	1
130	1
130	1
130	1
130	1
130	1
130	1
130	1
130	1
130	1
131	0
131	0
131	0
131	0
131	0
131	0
131	0
131	0
131	0
131	0
132	1
132	1
132	1
132	1
132	1
132	1
132	1
132	1
132	1
132	1
133	1
133	1
133	1
133	1
133	1
133	1
133	1
133	1
133	1
133	1
134	3
134	3
134	3
134	3
134	3
134	3
134	3
134	3
134	3
134	3
135	2
135	2
135	2
135	2
135	2
135	2
135	2
135	2
135	2
135	2
136	1
136	1
136	1
136	1
136	1
136	1
136	1
136	1
136	1
136	1
137	3
137	3
137	3
137	3
137	3
137	3
137	3
137	3
137	3
137	3
138	2
138	2
138	2
138	2
138	2
138	2
138	2
138	2
138	2
138	2
139	3
139	3
139	3
139	3
139	3
139	3
139	3
139	3
139	3
139	3
140	0
140	0
140	0
140	0
140	0
140	0
140	0
140	0
140	0
140	0
141	3
141	3
141	3
141	3
141	3
141	3
141	3
141	3
141	3
141	3
142	2
142	2
142	2
142	2
142	2
142	2
142	2
142	2
142	2
142	2
143	0
143	0
143	0
143	0
143	0
143	0
143	0
143	0
143	0
143	0
144	1
144	1
144	1
144	1
144	1
144	1
144	1
144	1
144	1
144	1
145	0
145	0
145	0
145	0
145	0
145	0
145	0
145	0
145	0
145	0
146	1
146	1
146	1
146	1
146	1
146	1
146	1
146	1
146	1
146	1
147	3
147	3
147	3
147	3
147	3
147	3
147	3
147	3
147	3
147	3
148	2
148	2
148	2
148	2
148	2
148	2
148	2
148	2
148	2
148	2
149	3
149	3
149	3
149	3
149	3
149	3
149	3
149	3
149	3
149	3
150	3
150	3
150	3
150	3
150	3
150	3
150	3
150	3
150	3
150	3
151	3
151	3
151	3
151	3
151	3
151	3
151	3
151	3
151	3
151	3
152	1
152	1
152	1
152	1
152	1
152	1
152	1
152	1
152	1
152	1
153	2
153	2
153	2
153	2
153	2
153	2
153	2
153	2
153	2
153	2
154	0
154	0
154	0
154	0
154	0
154	0
154	0
154	0
154	0
154	0
155	2
155	2
155	2
155	2
155	2
155	2
155	2
155	2
155	2
155	2
156	2
156	2
156	2
156	2
156	2
156	2
156	2
156	2
156	2
156	2
157	1
157	1
157	1
157	1
157	1
157	1
157	1
157	1
157	1
157	1
158	2
158	2
158	2
158	2
158	2
158	2
158	2
158	2
158	2
158	2
159	1
159	1
159	1
159	1
159	1
159	1
159	1
159	1
159	1
159	1
160	1
160	1
160	1
160	1
160	1
160	1
160	1
160	1
160	1
160	1
161	2
161	2
161	2
161	2
161	2
161	2
161	2
161	2
161	2
161	2
162	1
162	1
162	1
162	1
162	1
162	1
162	1
162	1
162	1
162	1
163	3
163	3
163	3
163	3
163	3
163	3
163	3
163	3
163	3
163	3
164	3
164	3
164	3
164	3
164	3
164	3
164	3
164	3
164	3
164	3
165	0
165	0
165	0
165	0
165	0
165	0
165	0
165	0
165	0
165	0
166	2
166	2
166	2
166	2
166	2
166	2
166	2
166	2
166	2
166	2
167	0
167	0
167	0
167	0
167	0
167	0
167	0
167	0
167	0
167	0
168	0
168	0
168	0
168	0
168	0
168	0
168	0
168	0
168	0
168	0
169	1
169	1
169	1
169	1
169	1
169	1
169	1
169	1
169	1
169	1
170	1
170	1
170	1
170	1
170	1
170	1
170	1
170	1
170	1
170	1
171	2
171	2
171	2
171	2
171	2
171	2
171	2
171	2
171	2
171	2
172	2
172	2
172	2
172	2
172	2
172	2
172	2
172	2
172	2
172	2
173	1
173	1
173	1
173	1
173	1
173	1
173	1
173	1
173	1
173	1
174	3
174	3
174	3
174	3
174	3
174	3
174	3
174	3
174	3
174	3
175	1
175	1
175	1
175	1
175	1
175	1
175	1
175	1
175	1
175	1
176	1
176	1
176	1
176	1
176	1
176	1
176	1
176	1
176	1
176	1
177	0
177	0
177	0
177	0
177	0
177	0
177	0
177	0
177	0
177	0
178	3
178	3
178	3
178	3
178	3
178	3
178	3
178	3
178	3
178	3
179	2
179	2
179	2
179	2
179	2
179	2
179	2
179	2
179	2
179	2
180	3
180	3
180	3
180	3
180	3
180	3
180	3
180	3
180	3
180	3
181	3
181	3
181	3
181	3
181	3
181	3
181	3
181	3
181	3
181	3
182	3
182	3
182	3
182	3
182	3
182	3
182	3
182	3
182	3
182	3
183	3
183	3
183	3
183	3
183	3
183	3
183	3
183	3
183	3
183	3
184	3
184	3
184	3
184	3
184	3
184	3
184	3
184	3
184	3
184	3
185	3
185	3
185	3
185	3
185	3
185	3
185	3
185	3
185	3
185	3
186	2
186	2
186	2
186	2
186	2
186	2
186	2
186	2
186	2
186	2
187	3
187	3
187	3
187	3
187	3
187	3
187	3
187	3
187	3
187	3
188	0
188	0
188	0
188	0
188	0
188	0
188	0
188	0
188	0
188	0
189	0
189	0
189	0
189	0
189	0
189	0
189	0
189	0
189	0
189	0
190	3
190	3
190	3
190	3
190	3
190	3
190	3
190	3
190	3
190	3
191	1
191	1
191	1
191	1
191	1
191	1
191	1
191	1
191	1
191	1
192	3
192	3
192	3
192	3
192	3
192	3
192	3
192	3
192	3
192	3
193	3
193	3
193	3
193	3
193	3
193	3
193	3
193	3
193	3
193	3
194	0
194	0
194	0
194	0
194	0
194	0
194	0
194	0
194	0
194	0
195	3
195	3
195	3
195	3
195	3
195	3
195	3
195	3
195	3
195	3
196	3
196	3
196	3
196	3
196	3
196	3
196	3
196	3
196	3
196	3
197	3
197	3
197	3
197	3
197	3
197	3
197	3
197	3
197	3
197	3
198	2
198	2
198	2
198	2
198	2
198	2
198	2
198	2
198	2
198	2
199	3
199	3
199	3
199	3
199	3
199	3
199	3
199	3
199	3
199	3
200	3
200	3
200	3
200	3
200	3
200	3
200	3
200	3
200	3
200	3
201	2
201	2
201	2
201	2
201	2
201	2
201	2
201	2
201	2
201	2
202	2
202	2
202	2
202	2
202	2
202	2
202	2
202	2
202	2
202	2
203	2
203	2
203	2
203	2
203	2
203	2
203	2
203	2
203	2
203	2
204	1
204	1
204	1
204	1
204	1
204	1
204	1
204	1
204	1
204	1
205	0
205	0
205	0
205	0
205	0
205	0
205	0
205	0
205	0
205	0
206	3
206	3
206	3
206	3
206	3
206	3
206	3
206	3
206	3
206	3
207	1
207	1
207	1
207	1
207	1
207	1
207	1
207	1
207	1
207	1
208	1
208	1
208	1
208	1
208	1
208	1
208	1
208	1
208	1
208	1
209	2
209	2
209	2
209	2
209	2
209	2
209	2
209	2
209	2
209	2
210	2
210	2
210	2
210	2
210	2
210	2
210	2
210	2
210	2
210	2
211	0
211	0
211	0
211	0
211	0
211	0
211	0
211	0
211	0
211	0
212	1
212	1
212	1
212	1
212	1
212	1
212	1
212	1
212	1
212	1
213	1
213	1
213	1
213	1
213	1
213	1
213	1
213	1
213	1
213	1
214	1
214	1
214	1
214	1
214	1
214	1
214	1
214	1
214	1
214	1
215	0
215	0
215	0
215	0
215	0
215	0
215	0
215	0
215	0
215	0
216	0
216	0
216	0
216	0
216	0
216	0
216	0
216	0
216	0
216	0
217	1
217	1
217	1
217	1
217	1
217	1
217	1
217	1
217	1
217	1
218	2
218	2
218	2
218	2
218	2
218	2
218	2
218	2
218	2
218	2
219	1
219	1
219	1
219	1
219	1
219	1
219	1
219	1
219	1
219	1
220	0
220	0
220	0
220	0
220	0
220	0
220	0
220	0
220	0
220	0
221	3
221	3
221	3
221	3
221	3
221	3
221	3
221	3
221	3
221	3
222	2
222	2
222	2
222	2
222	2
222	2
222	2
222	2
222	2
222	2
223	2
223	2
223	2
223	2
223	2
223	2
223	2
223	2
223	2
223	2
224	0
224	0
224	0
224	0
224	0
224	0
224	0
224	0
224	0
224	0
225	0
225	0
225	0
225	0
225	0
225	0
225	0
225	0
225	0
225	0
226	2
226	2
226	2
226	2
226	2
226	2
226	2
226	2
226	2
226	2
227	3
227	3
227	3
227	3
227	3
227	3
227	3
227	3
227	3
227	3
228	2
228	2
228	2
228	2
228	2
228	2
228	2
228	2
228	2
228	2
229	0
229	0
229	0
229	0
229	0
229	0
229	0
229	0
229	0
229	0
230	1
230	1
230	1
230	1
230	1
230	1
230	1
230	1
230	1
230	1
231	1
231	1
231	1
231	1
231	1
231	1
231	1
231	1
231	1
231	1
232	3
232	3
232	3
232	3
232	3
232	3
232	3
232	3
232	3
232	3
233	1
233	1
233	1
233	1
233	1
233	1
233	1
233	1
233	1
233	1
234	1
234	1
234	1
234	1
234	1
234	1
234	1
234	1
234	1
234	1
235	2
235	2
235	2
235	2
235	2
235	2
235	2
235	2
235	2
235	2
236	0
236	0
236	0
236	0
236	0
236	0
236	0
236	0
236	0
236	0
237	1
237	1
237	1
237	1
237	1
237	1
237	1
237	1
237	1
237	1
238	2
238	2
238	2
238	2
238	2
238	2
238	2
238	2
238	2
238	2
239	1
239	1
239	1
239	1
239	1
239	1
239	1
239	1
239	1
239	1
240	2
240	2
240	2
240	2
240	2
240	2
240	2
240	2
240	2
240	2
241	0
241	0
241	0
241	0
241	0
241	0
241	0
241	0
241	0
241	0
242	2
242	2
242	2
242	2
242	2
242	2
242	2
242	2
242	2
242	2
243	1
243	1
243	1
243	1
243	1
243	1
243	1
243	1
243	1
243	1
244	1
244	1
244	1
244	1
244	1
244	1
244	1
244	1
244	1
244	1
245	3
245	3
245	3
245	3
245	3
245	3
245	3
245	3
245	3
245	3
246	3
246	3
246	3
246	3
246	3
246	3
246	3
246	3
246	3
246	3
247	2
247	2
247	2
247	2
247	2
247	2
247	2
247	2
247	2
247	2
248	2
248	2
248	2
248	2
248	2
248	2
248	2
248	2
248	2
248	2
249	1
249	1
249	1
249	1
249	1
249	1
249	1
249	1
249	1
249	1
250	3
250	3
250	3
250	3
250	3
250	3
250	3
250	3
250	3
250	3
251	1
251	1
251	1
251	1
251	1
251	1
251	1
251	1
251	1
251	1
252	2
252	2
252	2
252	2
252	2
252	2
252	2
252	2
252	2
252	2
253	2
253	2
253	2
253	2
253	2
253	2
253	2
253	2
253	2
253	2
254	3
254	3
254	3
254	3
254	3
254	3
254	3
254	3
254	3
254	3
255	2
255	2
255	2
255	2
255	2
255	2
255	2
255	2
255	2
255	2
256	1
256	1
256	1
256	1
256	1
256	1
256	1
256	1
256	1
256	1
257	0
257	0
257	0
257	0
257	0
257	0
257	0
257	0
257	0
257	0
258	3
258	3
258	3
258	3
258	3
258	3
258	3
258	3
258	3
258	3
259	2
259	2
259	2
259	2
259	2
259	2
259	2
259	2
259	2
259	2
260	2
260	2
260	2
260	2
260	2
260	2
260	2
260	2
260	2
260	2
261	1
261	1
261	1
261	1
261	1
261	1
261	1
261	1
261	1
261	1
262	2
262	2
262	2
262	2
262	2
262	2
262	2
262	2
262	2
262	2
263	0
263	0
263	0
263	0
263	0
263	0
263	0
263	0
263	0
263	0
264	1
264	1
264	1
264	1
264	1
264	1
264	1
264	1
264	1
264	1
265	3
265	3
265	3
265	3
265	3
265	3
265	3
265	3
265	3
265	3
266	1
266	1
266	1
266	1
266	1
266	1
266	1
266	1
266	1
266	1
267	2
267	2
267	2
267	2
267	2
267	2
267	2
267	2
267	2
267	2
268	2
268	2
268	2
268	2
268	2
268	2
268	2
268	2
268	2
268	2
269	0
269	0
269	0
269	0
269	0
269	0
269	0
269	0
269	0
269	0
270	3
270	3
270	3
270	3
270	3
270	3
270	3
270	3
270	3
270	3
271	3
271	3
271	3
271	3
271	3
271	3
271	3
271	3
271	3
271	3
272	3
272	3
272	3
272	3
272	3
272	3
272	3
272	3
272	3
272	3
273	3
273	3
273	3
273	3
273	3
273	3
273	3
273	3
273	3
273	3
274	2
274	2
274	2
274	2
274	2
274	2
274	2
274	2
274	2
274	2
275	1
275	1
275	1
275	1
275	1
275	1
275	1
275	1
275	1
275	1
276	2
276	2
276	2
276	2
276	2
276	2
276	2
276	2
276	2
276	2
277	2
277	2
277	2
277	2
277	2
277	2
277	2
277	2
277	2
277	2
278	2
278	2
278	2
278	2
278	2
278	2
278	2
278	2
278	2
278	2
279	1
279	1
279	1
279	1
279	1
279	1
279	1
279	1
279	1
279	1
280	3
280	3
280	3
280	3
280	3
280	3
280	3
280	3
280	3
280	3
281	0
281	0
281	0
281	0
281	0
281	0
281	0
281	0
281	0
281	0
282	1
282	1
282	1
282	1
282	1
282	1
282	1
282	1
282	1
282	1
283	0
283	0
283	0
283	0
283	0
283	0
283	0
283	0
283	0
283	0
284	1
284	1
284	1
284	1
284	1
284	1
284	1
284	1
284	1
284	1
285	0
285	0
285	0
285	0
285	0
285	0
285	0
285	0
285	0
285	0
286	2
286	2
286	2
286	2
286	2
286	2
286	2
286	2
286	2
286	2
287	0
287	0
287	0
287	0
287	0
287	0
287	0
287	0
287	0
287	0
288	0
288	0
288	0
288	0
288	0
288	0
288	0
288	0
288	0
288	0
289	2
289	2
289	2
289	2
289	2
289	2
289	2
289	2
289	2
289	2
290	1
290	1
290	1
290	1
290	1
290	1
290	1
290	1
290	1
290	1
291	3
291	3
291	3
291	3
291	3
291	3
291	3
291	3
291	3
291	3
292	2
292	2
292	2
292	2
292	2
292	2
292	2
292	2
292	2
292	2
293	3
293	3
293	3
293	3
293	3
293	3
293	3
293	3
293	3
293	3
294	2
294	2
294	2
294	2
294	2
294	2
294	2
294	2
294	2
294	2
295	0
295	0
295	0
295	0
295	0
295	0
295	0
295	0
295	0
295	0
296	0
296	0
296	0
296	0
296	0
296	0
296	0
296	0
296	0
296	0
297	2
297	2
297	2
297	2
297	2
297	2
297	2
297	2
297	2
297	2
298	0
298	0
298	0
298	0
298	0
298	0
298	0
298	0
298	0
298	0
299	0
299	0
299	0
299	0
299	0
299	0
299	0
299	0
299	0
299	0
300	1
300	1
300	1
300	1
300	1
300	1
300	1
300	1
300	1
300	1
301	3
301	3
301	3
301	3
301	3
301	3
301	3
301	3
301	3
301	3
302	0
302	0
302	0
302	0
302	0
302	0
302	0
302	0
302	0
302	0
303	3
303	3
303	3
303	3
303	3
303	3
303	3
303	3
303	3
303	3
304	1
304	1
304	1
304	1
304	1
304	1
304	1
304	1
304	1
304	1
305	1
305	1
305	1
305	1
305	1
305	1
305	1
305	1
305	1
305	1
306	1
306	1
306	1
306	1
306	1
306	1
306	1
306	1
306	1
306	1
307	0
307	0
307	0
307	0
307	0
307	0
307	0
307	0
307	0
307	0
308	1
308	1
308	1
308	1
308	1
308	1
308	1
308	1
308	1
308	1
309	0
309	0
309	0
309	0
309	0
309	0
309	0
309	0
309	0
309	0
310	1
310	1
310	1
310	1
310	1
310	1
310	1
310	1
310	1
310	1
311	3
311	3
311	3
311	3
311	3
311	3
311	3
311	3
311	3
311	3
312	3
312	3
312	3
312	3
312	3
312	3
312	3
312	3
312	3
312	3
313	3
313	3
313	3
313	3
313	3
313	3
313	3
313	3
313	3
313	3
314	0
314	0
314	0
314	0
314	0
314	0
314	0
314	0
314	0
314	0
315	0
315	0
315	0
315	0
315	0
315	0
315	0
315	0
315	0
315	0
316	1
316	1
316	1
316	1
316	1
316	1
316	1
316	1
316	1
316	1
317	3
317	3
317	3
317	3
317	3
317	3
317	3
317	3
317	3
317	3
318	1
318	1
318	1
318	1
318	1
318	1
318	1
318	1
318	1
318	1
319	2
319	2
319	2
319	2
319	2
319	2
319	2
319	2
319	2
319	2
320	3
320	3
320	3
320	3
320	3
320	3
320	3
320	3
320	3
320	3
321	0
321	0
321	0
321	0
321	0
321	0
321	0
321	0
321	0
321	0
322	3
322	3
322	3
322	3
322	3
322	3
322	3
322	3
322	3
322	3
323	2
323	2
323	2
323	2
323	2
323	2
323	2
323	2
323	2
323	2
324	3
324	3
324	3
324	3
324	3
324	3
324	3
324	3
324	3
324	3
325	2
325	2
325	2
325	2
325	2
325	2
325	2
325	2
325	2
325	2
326	2
326	2
326	2
326	2
326	2
326	2
326	2
326	2
326	2
326	2
327	0
327	0
327	0
327	0
327	0
327	0
327	0
327	0
327	0
327	0
328	3
328	3
328	3
328	3
328	3
328	3
328	3
328	3
328	3
328	3
329	3
329	3
329	3
329	3
329	3
329	3
329	3
329	3
329	3
329	3
330	0
330	0
330	0
330	0
330	0
330	0
330	0
330	0
330	0
330	0
331	3
331	3
331	3
331	3
331	3
331	3
331	3
331	3
331	3
331	3
332	2
332	2
332	2
332	2
332	2
332	2
332	2
332	2
332	2
332	2
333	0
333	0
333	0
333	0
333	0
333	0
333	0
333	0
333	0
333	0
334	3
334	3
334	3
334	3
334	3
334	3
334	3
334	3
334	3
334	3
335	0
335	0
335	0
335	0
335	0
335	0
335	0
335	0
335	0
335	0
336	2
336	2
336	2
336	2
336	2
336	2
336	2
336	2
336	2
336	2
337	3
337	3
337	3
337	3
337	3
337	3
337	3
337	3
337	3
337	3
338	0
338	0
338	0
338	0
338	0
338	0
338	0
338	0
338	0
338	0
339	2
339	2
339	2
339	2
339	2
339	2
339	2
339	2
339	2
339	2
340	1
340	1
340	1
340	1
340	1
340	1
340	1
340	1
340	1
340	1
341	3
341	3
341	3
341	3
341	3
341	3
341	3
341	3
341	3
341	3
342	3
342	3
342	3
342	3
342	3
342	3
342	3
342	3
342	3
342	3
343	1
343	1
343	1
343	1
343	1
343	1
343	1
343	1
343	1
343	1
344	2
344	2
344	2
344	2
344	2
344	2
344	2
344	2
344	2
344	2
345	1
345	1
345	1
345	1
345	1
345	1
345	1
345	1
345	1
345	1
346	2
346	2
346	2
346	2
346	2
346	2
346	2
346	2
346	2
346	2
347	1
347	1
347	1
347	1
347	1
347	1
347	1
347	1
347	1
347	1
348	2
348	2
348	2
348	2
348	2
348	2
348	2
348	2
348	2
348	2
349	1
349	1
349	1
349	1
349	1
349	1
349	1
349	1
349	1
349	1
350	1
350	1
350	1
350	1
350	1
350	1
350	1
350	1
350	1
350	1
351	3
351	3
351	3
351	3
351	3
351	3
351	3
351	3
351	3
351	3
352	1
352	1
352	1
352	1
352	1
352	1
352	1
352	1
352	1
352	1
353	2
353	2
353	2
353	2
353	2
353	2
353	2
353	2
353	2
353	2
354	1
354	1
354	1
354	1
354	1
354	1
354	1
354	1
354	1
354	1
355	3
355	3
355	3
355	3
355	3
355	3
355	3
355	3
355	3
355	3
356	0
356	0
356	0
356	0
356	0
356	0
356	0
356	0
356	0
356	0
357	0
357	0
357	0
357	0
357	0
357	0
357	0
357	0
357	0
357	0
358	3
358	3
358	3
358	3
358	3
358	3
358	3
358	3
358	3
358	3
359	2
359	2
359	2
359	2
359	2
359	2
359	2
359	2
359	2
359	2
360	0
360	0
360	0
360	0
360	0
360	0
360	0
360	0
360	0
360	0
361	2
361	2
361	2
361	2
361	2
361	2
361	2
361	2
361	2
361	2
362	1
362	1
362	1
362	1
362	1
362	1
362	1
362	1
362	1
362	1
363	3
363	3
363	3
363	3
363	3
363	3
363	3
363	3
363	3
363	3
364	3
364	3
364	3
364	3
364	3
364	3
364	3
364	3
364	3
364	3
365	1
365	1
365	1
365	1
365	1
365	1
365	1
365	1
365	1
365	1
366	3
366	3
366	3
366	3
366	3
366	3
366	3
366	3
366	3
366	3
367	1
367	1
367	1
367	1
367	1
367	1
367	1
367	1
367	1
367	1
368	0
368	0
368	0
368	0
368	0
368	0
368	0
368	0
368	0
368	0
369	2
369	2
369	2
369	2
369	2
369	2
369	2
369	2
369	2
369	2
370	3
370	3
370	3
370	3
370	3
370	3
370	3
370	3
370	3
370	3
371	0
371	0
371	0
371	0
371	0
371	0
371	0
371	0
371	0
371	0
372	3
372	3
372	3
372	3
372	3
372	3
372	3
372	3
372	3
372	3
373	2
373	2
373	2
373	2
373	2
373	2
373	2
373	2
373	2
373	2
374	1
374	1
374	1
374	1
374	1
374	1
374	1
374	1
374	1
374	1
375	2
375	2
375	2
375	2
375	2
375	2
375	2
375	2
375	2
375	2
376	0
376	0
376	0
376	0
376	0
376	0
376	0
376	0
376	0
376	0
377	2
377	2
377	2
377	2
377	2
377	2
377	2
377	2
377	2
377	2
378	2
378	2
378	2
378	2
378	2
378	2
378	2
378	2
378	2
378	2
379	2
379	2
379	2
379	2
379	2
379	2
379	2
379	2
379	2
379	2
380	0
380	0
380	0
380	0
380	0
380	0
380	0
380	0
380	0
380	0
381	3
381	3
381	3
381	3
381	3
381	3
381	3
381	3
381	3
381	3
382	3
382	3
382	3
382	3
382	3
382	3
382	3
382	3
382	3
382	3
383	1
383	1
383	1
383	1
383	1
383	1
383	1
383	1
383	1
383	1
384	3
384	3
384	3
384	3
384	3
384	3
384	3
384	3
384	3
384	3
385	2
385	2
385	2
385	2
385	2
385	2
385	2
385	2
385	2
385	2
386	2
386	2
386	2
386	2
386	2
386	2
386	2
386	2
386	2
386	2
387	1
387	1
387	1
387	1
387	1
387	1
387	1
387	1
387	1
387	1
388	1
388	1
388	1
388	1
388	1
388	1
388	1
388	1
388	1
388	1
389	2
389	2
389	2
389	2
389	2
389	2
389	2
389	2
389	2
389	2
390	3
390	3
390	3
390	3
390	3
390	3
390	3
390	3
390	3
390	3
391	3
391	3
391	3
391	3
391	3
391	3
391	3
391	3
391	3
391	3
392	1
392	1
392	1
392	1
392	1
392	1
392	1
392	1
392	1
392	1
393	0
393	0
393	0
393	0
393	0
393	0
393	0
393	0
393	0
393	0
394	3
394	3
394	3
394	3
394	3
394	3
394	3
394	3
394	3
394	3
395	1
395	1
395	1
395	1
395	1
395	1
395	1
395	1
395	1
395	1
396	0
396	0
396	0
396	0
396	0
396	0
396	0
396	0
396	0
396	0
397	2
397	2
397	2
397	2
397	2
397	2
397	2
397	2
397	2
397	2
398	1
398	1
398	1
398	1
398	1
398	1
398	1
398	1
398	1
398	1
399	0
399	0
399	0
399	0
399	0
399	0
399	0
399	0
399	0
399	0
400	2
400	2
400	2
400	2
400	2
400	2
400	2
400	2
400	2
400	2
401	3
401	3
401	3
401	3
401	3
401	3
401	3
401	3
401	3
401	3
402	1
402	1
402	1
402	1
402	1
402	1
402	1
402	1
402	1
402	1
403	1
403	1
403	1
403	1
403	1
403	1
403	1
403	1
403	1
403	1
404	3
404	3
404	3
404	3
404	3
404	3
404	3
404	3
404	3
404	3
405	2
405	2
405	2
405	2
405	2
405	2
405	2
405	2
405	2
405	2
406	1
406	1
406	1
406	1
406	1
406	1
406	1
406	1
406	1
406	1
407	1
407	1
407	1
407	1
407	1
407	1
407	1
407	1
407	1
407	1
408	1
408	1
408	1
408	1
408	1
408	1
408	1
408	1
408	1
408	1
409	1
409	1
409	1
409	1
409	1
409	1
409	1
409	1
409	1
409	1
410	0
410	0
410	0
410	0
410	0
410	0
410	0
410	0
410	0
410	0
411	1
411	1
411	1
411	1
411	1
411	1
411	1
411	1
411	1
411	1
412	3
412	3
412	3
412	3
412	3
412	3
412	3
412	3
412	3
412	3
413	3
413	3
413	3
413	3
413	3
413	3
413	3
413	3
413	3
413	3
414	3
414	3
414	3
414	3
414	3
414	3
414	3
414	3
414	3
414	3
415	2
415	2
415	2
415	2
415	2
415	2
415	2
415	2
415	2
415	2
416	3
416	3
416	3
416	3
416	3
416	3
416	3
416	3
416	3
416	3
417	0
417	0
417	0
417	0
417	0
417	0
417	0
417	0
417	0
417	0
418	3
418	3
418	3
418	3
418	3
418	3
418	3
418	3
418	3
418	3
419	3
419	3
419	3
419	3
419	3
419	3
419	3
419	3
419	3
419	3
420	1
420	1
420	1
420	1
420	1
420	1
420	1
420	1
420	1
420	1
421	3
421	3
421	3
421	3
421	3
421	3
421	3
421	3
421	3
421	3
422	3
422	3
422	3
422	3
422	3
422	3
422	3
422	3
422	3
422	3
423	0
423	0
423	0
423	0
423	0
423	0
423	0
423	0
423	0
423	0
424	1
424	1
424	1
424	1
424	1
424	1
424	1
424	1
424	1
424	1
425	2
425	2
425	2
425	2
425	2
425	2
425	2
425	2
425	2
425	2
426	1
426	1
426	1
426	1
426	1
426	1
426	1
426	1
426	1
426	1
427	3
427	3
427	3
427	3
427	3
427	3
427	3
427	3
427	3
427	3
428	0
428	0
428	0
428	0
428	0
428	0
428	0
428	0
428	0
428	0
429	2
429	2
429	2
429	2
429	2
429	2
429	2
429	2
429	2
429	2
430	2
430	2
430	2
430	2
430	2
430	2
430	2
430	2
430	2
430	2
431	3
431	3
431	3
431	3
431	3
431	3
431	3
431	3
431	3
431	3
432	2
432	2
432	2
432	2
432	2
432	2
432	2
432	2
432	2
432	2
433	0
433	0
433	0
433	0
433	0
433	0
433	0
433	0
433	0
433	0
434	1
434	1
434	1
434	1
434	1
434	1
434	1
434	1
434	1
434	1
435	0
435	0
435	0
435	0
435	0
435	0
435	0
435	0
435	0
435	0
436	3
436	3
436	3
436	3
436	3
436	3
436	3
436	3
436	3
436	3
437	3
437	3
437	3
437	3
437	3
437	3
437	3
437	3
437	3
437	3
438	3
438	3
438	3
438	3
438	3
438	3
438	3
438	3
438	3
438	3
439	1
439	1
439	1
439	1
439	1
439	1
439	1
439	1
439	1
439	1
440	0
440	0
440	0
440	0
440	0
440	0
440	0
440	0
440	0
440	0
441	3
441	3
441	3
441	3
441	3
441	3
441	3
441	3
441	3
441	3
442	3
442	3
442	3
442	3
442	3
442	3
442	3
442	3
442	3
442	3
443	0
443	0
443	0
443	0
443	0
443	0
443	0
443	0
443	0
443	0
444	1
444	1
444	1
444	1
444	1
444	1
444	1
444	1
444	1
444	1
445	0
445	0
445	0
445	0
445	0
445	0
445	0
445	0
445	0
445	0
446	3
446	3
446	3
446	3
446	3
446	3
446	3
446	3
446	3
446	3
447	0
447	0
447	0
447	0
447	0
447	0
447	0
447	0
447	0
447	0
448	2
448	2
448	2
448	2
448	2
448	2
448	2
448	2
448	2
448	2
449	3
449	3
449	3
449	3
449	3
449	3
449	3
449	3
449	3
449	3
450	3
450	3
450	3
450	3
450	3
450	3
450	3
450	3
450	3
450	3
451	3
451	3
451	3
451	3
451	3
451	3
451	3
451	3
451	3
451	3
452	2
452	2
452	2
452	2
452	2
452	2
452	2
452	2
452	2
452	2
453	3
453	3
453	3
453	3
453	3
453	3
453	3
453	3
453	3
453	3
454	2
454	2
454	2
454	2
454	2
454	2
454	2
454	2
454	2
454	2
455	3
455	3
455	3
455	3
455	3
455	3
455	3
455	3
455	3
455	3
456	2
456	2
456	2
456	2
456	2
456	2
456	2
456	2
456	2
456	2
457	3
457	3
457	3
457	3
457	3
457	3
457	3
457	3
457	3
457	3
458	0
458	0
458	0
458	0
458	0
458	0
458	0
458	0
458	0
458	0
459	2
459	2
459	2
459	2
459	2
459	2
459	2
459	2
459	2
459	2
460	1
460	1
460	1
460	1
460	1
460	1
460	1
460	1
460	1
460	1
461	3
461	3
461	3
461	3
461	3
461	3
461	3
461	3
461	3
461	3
462	3
462	3
462	3
462	3
462	3
462	3
462	3
462	3
462	3
462	3
463	1
463	1
463	1
463	1
463	1
463	1
463	1
463	1
463	1
463	1
464	2
464	2
464	2
464	2
464	2
464	2
464	2
464	2
464	2
464	2
465	2
465	2
465	2
465	2
465	2
465	2
465	2
465	2
465	2
465	2
466	0
466	0
466	0
466	0
466	0
466	0
466	0
466	0
466	0
466	0
467	2
467	2
467	2
467	2
467	2
467	2
467	2
467	2
467	2
467	2
468	2
468	2
468	2
468	2
468	2
468	2
468	2
468	2
468	2
468	2
469	1
469	1
469	1
469	1
469	1
469	1
469	1
469	1
469	1
469	1
470	3
470	3
470	3
470	3
470	3
470	3
470	3
470	3
470	3
470	3
471	1
471	1
471	1
471	1
471	1
471	1
471	1
471	1
471	1
471	1
472	1
472	1
472	1
472	1
472	1
472	1
472	1
472	1
472	1
472	1
473	1
473	1
473	1
473	1
473	1
473	1
473	1
473	1
473	1
473	1
474	0
474	0
474	0
474	0
474	0
474	0
474	0
474	0
474	0
474	0
475	0
475	0
475	0
475	0
475	0
475	0
475	0
475	0
475	0
475	0
476	0
476	0
476	0
476	0
476	0
476	0
476	0
476	0
476	0
476	0
477	0
477	0
477	0
477	0
477	0
477	0
477	0
477	0
477	0
477	0
478	3
478	3
478	3
478	3
478	3
478	3
478	3
478	3
478	3
478	3
479	3
479	3
479	3
479	3
479	3
479	3
479	3
479	3
479	3
479	3
480	0
480	0
480	0
480	0
480	0
480	0
480	0
480	0
480	0
480	0
481	1
481	1
481	1
481	1
481	1
481	1
481	1
481	1
481	1
481	1
482	3
482	3
482	3
482	3
482	3
482	3
482	3
482	3
482	3
482	3
483	3
483	3
483	3
483	3
483	3
483	3
483	3
483	3
483	3
483	3
484	3
484	3
484	3
484	3
484	3
484	3
484	3
484	3
484	3
484	3
485	2
485	2
485	2
485	2
485	2
485	2
485	2
485	2
485	2
485	2
486	2
486	2
486	2
486	2
486	2
486	2
486	2
486	2
486	2
486	2
487	3
487	3
487	3
487	3
487	3
487	3
487	3
487	3
487	3
487	3
488	0
488	0
488	0
488	0
488	0
488	0
488	0
488	0
488	0
488	0
489	2
489	2
489	2
489	2
489	2
489	2
489	2
489	2
489	2
489	2
490	2
490	2
490	2
490	2
490	2
490	2
490	2
490	2
490	2
490	2
491	3
491	3
491	3
491	3
491	3
491	3
491	3
491	3
491	3
491	3
492	2
492	2
492	2
492	2
492	2
492	2
492	2
492	2
492	2
492	2
493	1
493	1
493	1
493	1
493	1
493	1
493	1
493	1
493	1
493	1
494	3
494	3
494	3
494	3
494	3
494	3
494	3
494	3
494	3
494	3
495	2
495	2
495	2
495	2
495	2
495	2
495	2
495	2
495	2
495	2
496	1
496	1
496	1
496	1
496	1
496	1
496	1
496	1
496	1
496	1
497	3
497	3
497	3
497	3
497	3
497	3
497	3
497	3
497	3
497	3
498	2
498	2
498	2
498	2
498	2
498	2
498	2
498	2
498	2
498	2
499	3
499	3
499	3
499	3
499	3
499	3
499	3
499	3
499	3
499	3
500	2
500	2
500	2
500	2
500	2
500	2
500	2
500	2
500	2
500	2
501	0
501	0
501	0
501	0
501	0
501	0
501	0
501	0
501	0
501	0
502	2
502	2
502	2
502	2
502	2
502	2
502	2
502	2
502	2
502	2
503	3
503	3
503	3
503	3
503	3
503	3
503	3
503	3
503	3
503	3
504	0
504	0
504	0
504	0
504	0
504	0
504	0
504	0
504	0
504	0
505	1
505	1
505	1
505	1
505	1
505	1
505	1
505	1
505	1
505	1
506	1
506	1
506	1
506	1
506	1
506	1
506	1
506	1
506	1
506	1
507	2
507	2
507	2
507	2
507	2
507	2
507	2
507	2
507	2
507	2
508	2
508	2
508	2
508	2
508	2
508	2
508	2
508	2
508	2
508	2
509	3
509	3
509	3
509	3
509	3
509	3
509	3
509	3
509	3
509	3
510	3
510	3
510	3
510	3
510	3
510	3
510	3
510	3
510	3
510	3
511	0
511	0
511	0
511	0
511	0
511	0
511	0
511	0
511	0
511	0
512	0
512	0
512	0
512	0
512	0
512	0
512	0
512	0
512	0
512	0
513	0
513	0
513	0
513	0
513	0
513	0
513	0
513	0
513	0
513	0
514	2
514	2
514	2
514	2
514	2
514	2
514	2
514	2
514	2
514	2
515	1
515	1
515	1
515	1
515	1
515	1
515	1
515	1
515	1
515	1
516	3
516	3
516	3
516	3
516	3
516	3
516	3
516	3
516	3
516	3
517	3
517	3
517	3
517	3
517	3
517	3
517	3
517	3
517	3
517	3
518	2
518	2
518	2
518	2
518	2
518	2
518	2
518	2
518	2
518	2
519	2
519	2
519	2
519	2
519	2
519	2
519	2
519	2
519	2
519	2
520	0
520	0
520	0
520	0
520	0
520	0
520	0
520	0
520	0
520	0
521	0
521	0
521	0
521	0
521	0
521	0
521	0
521	0
521	0
521	0
522	2
522	2
522	2
522	2
522	2
522	2
522	2
522	2
522	2
522	2
523	0
523	0
523	0
523	0
523	0
523	0
523	0
523	0
523	0
523	0
524	3
524	3
524	3
524	3
524	3
524	3
524	3
524	3
524	3
524	3
525	1
525	1
525	1
525	1
525	1
525	1
525	1
525	1
525	1
525	1
526	0
526	0
526	0
526	0
526	0
526	0
526	0
526	0
526	0
526	0
527	3
527	3
527	3
527	3
527	3
527	3
527	3
527	3
527	3
527	3
528	3
528	3
528	3
528	3
528	3
528	3
528	3
528	3
528	3
528	3
529	2
529	2
529	2
529	2
529	2
529	2
529	2
529	2
529	2
529	2
530	3
530	3
530	3
530	3
530	3
530	3
530	3
530	3
530	3
530	3
531	3
531	3
531	3
531	3
531	3
531	3
531	3
531	3
531	3
531	3
532	3
532	3
532	3
532	3
532	3
532	3
532	3
532	3
532	3
532	3
533	3
533	3
533	3
533	3
533	3
533	3
533	3
533	3
533	3
533	3
534	0
534	0
534	0
534	0
534	0
534	0
534	0
534	0
534	0
534	0
535	3
535	3
535	3
535	3
535	3
535	3
535	3
535	3
535	3
535	3
536	1
536	1
536	1
536	1
536	1
536	1
536	1
536	1
536	1
536	1
537	3
537	3
537	3
537	3
537	3
537	3
537	3
537	3
537	3
537	3
538	3
538	3
538	3
538	3
538	3
538	3
538	3
538	3
538	3
538	3
539	1
539	1
539	1
539	1
539	1
539	1
539	1
539	1
539	1
539	1
540	3
540	3
540	3
540	3
540	3
540	3
540	3
540	3
540	3
540	3
541	2
541	2
541	2
541	2
541	2
541	2
541	2
541	2
541	2
541	2
542	2
542	2
542	2
542	2
542	2
542	2
542	2
542	2
542	2
542	2
543	0
543	0
543	0
543	0
543	0
543	0
543	0
543	0
543	0
543	0
544	0
544	0
544	0
544	0
544	0
544	0
544	0
544	0
544	0
544	0
545	1
545	1
545	1
545	1
545	1
545	1
545	1
545	1
545	1
545	1
546	2
546	2
546	2
546	2
546	2
546	2
546	2
546	2
546	2
546	2
547	3
547	3
547	3
547	3
547	3
547	3
547	3
547	3
547	3
547	3
548	2
548	2
548	2
548	2
548	2
548	2
548	2
548	2
548	2
548	2
549	2
549	2
549	2
549	2
549	2
549	2
549	2
549	2
549	2
549	2
550	2
550	2
550	2
550	2
550	2
550	2
550	2
550	2
550	2
550	2
551	0
551	0
551	0
551	0
551	0
551	0
551	0
551	0
551	0
551	0
552	0
552	0
552	0
552	0
552	0
552	0
552	0
552	0
552	0
552	0
553	2
553	2
553	2
553	2
553	2
553	2
553	2
553	2
553	2
553	2
554	2
554	2
554	2
554	2
554	2
554	2
554	2
554	2
554	2
554	2
555	2
555	2
555	2
555	2
555	2
555	2
555	2
555	2
555	2
555	2
556	2
556	2
556	2
556	2
556	2
556	2
556	2
556	2
556	2
556	2
557	3
557	3
557	3
557	3
557	3
557	3
557	3
557	3
557	3
557	3
558	3
558	3
558	3
558	3
558	3
558	3
558	3
558	3
558	3
558	3
559	1
559	1
559	1
559	1
559	1
559	1
559	1
559	1
559	1
559	1
560	1
560	1
560	1
560	1
560	1
560	1
560	1
560	1
560	1
560	1
561	1
561	1
561	1
561	1
561	1
561	1
561	1
561	1
561	1
561	1
562	1
562	1
562	1
562	1
562	1
562	1
562	1
562	1
562	1
562	1
563	0
563	0
563	0
563	0
563	0
563	0
563	0
563	0
563	0
563	0
564	2
564	2
564	2
564	2
564	2
564	2
564	2
564	2
564	2
564	2
565	2
565	2
565	2
565	2
565	2
565	2
565	2
565	2
565	2
565	2
566	3
566	3
566	3
566	3
566	3
566	3
566	3
566	3
566	3
566	3
567	1
567	1
567	1
567	1
567	1
567	1
567	1
567	1
567	1
567	1
568	2
568	2
568	2
568	2
568	2
568	2
568	2
568	2
568	2
568	2
569	2
569	2
569	2
569	2
569	2
569	2
569	2
569	2
569	2
569	2
570	2
570	2
570	2
570	2
570	2
570	2
570	2
570	2
570	2
570	2
571	2
571	2
571	2
571	2
571	2
571	2
571	2
571	2
571	2
571	2
572	1
572	1
572	1
572	1
572	1
572	1
572	1
572	1
572	1
572	1
573	3
573	3
573	3
573	3
573	3
573	3
573	3
573	3
573	3
573	3
574	0
574	0
574	0
574	0
574	0
574	0
574	0
574	0
574	0
574	0
575	3
575	3
575	3
575	3
575	3
575	3
575	3
575	3
575	3
575	3
576	0
576	0
576	0
576	0
576	0
576	0
576	0
576	0
576	0
576	0
577	2
577	2
577	2
577	2
577	2
577	2
577	2
577	2
577	2
577	2
578	3
578	3
578	3
578	3
578	3
578	3
578	3
578	3
578	3
578	3
579	2
579	2
579	2
579	2
579	2
579	2
579	2
579	2
579	2
579	2
580	3
580	3
580	3
580	3
580	3
580	3
580	3
580	3
580	3
580	3
581	2
581	2
581	2
581	2
581	2
581	2
581	2
581	2
581	2
581	2
582	1
582	1
582	1
582	1
582	1
582	1
582	1
582	1
582	1
582	1
583	3
583	3
583	3
583	3
583	3
583	3
583	3
583	3
583	3
583	3
584	3
584	3
584	3
584	3
584	3
584	3
584	3
584	3
584	3
584	3
585	2
585	2
585	2
585	2
585	2
585	2
585	2
585	2
585	2
585	2
586	0
586	0
586	0
586	0
586	0
586	0
586	0
586	0
586	0
586	0
587	1
587	1
587	1
587	1
587	1
587	1
587	1
587	1
587	1
587	1
588	1
588	1
588	1
588	1
588	1
588	1
588	1
588	1
588	1
588	1
589	1
589	1
589	1
589	1
589	1
589	1
589	1
589	1
589	1
589	1
590	0
590	0
590	0
590	0
590	0
590	0
590	0
590	0
590	0
590	0
591	1
591	1
591	1
591	1
591	1
591	1
591	1
591	1
591	1
591	1
592	2
592	2
592	2
592	2
592	2
592	2
592	2
592	2
592	2
592	2
593	1
593	1
593	1
593	1
593	1
593	1
593	1
593	1
593	1
593	1
594	0
594	0
594	0
594	0
594	0
594	0
594	0
594	0
594	0
594	0
595	3
595	3
595	3
595	3
595	3
595	3
595	3
595	3
595	3
595	3
596	1
596	1
596	1
596	1
596	1
596	1
596	1
596	1
596	1
596	1
597	2
597	2
597	2
597	2
597	2
597	2
597	2
597	2
597	2
597	2
598	2
598	2
598	2
598	2
598	2
598	2
598	2
598	2
598	2
598	2
599	0
599	0
599	0
599	0
599	0
599	0
599	0
599	0
599	0
599	0
600	1
600	1
600	1
600	1
600	1
600	1
600	1
600	1
600	1
600	1
601	1
601	1
601	1
601	1
601	1
601	1
601	1
601	1
601	1
601	1
602	2
602	2
602	2
602	2
602	2
602	2
602	2
602	2
602	2
602	2
603	3
603	3
603	3
603	3
603	3
603	3
603	3
603	3
603	3
603	3
604	3
604	3
604	3
604	3
604	3
604	3
604	3
604	3
604	3
604	3
605	2
605	2
605	2
605	2
605	2
605	2
605	2
605	2
605	2
605	2
606	1
606	1
606	1
606	1
606	1
606	1
606	1
606	1
606	1
606	1
607	0
607	0
607	0
607	0
607	0
607	0
607	0
607	0
607	0
607	0
608	1
608	1
608	1
608	1
608	1
608	1
608	1
608	1
608	1
608	1
609	0
609	0
609	0
609	0
609	0
609	0
609	0
609	0
609	0
609	0
610	1
610	1
610	1
610	1
610	1
610	1
610	1
610	1
610	1
610	1
611	3
611	3
611	3
611	3
611	3
611	3
611	3
611	3
611	3
611	3
612	0
612	0
612	0
612	0
612	0
612	0
612	0
612	0
612	0
612	0
613	0
613	0
613	0
613	0
613	0
613	0
613	0
613	0
613	0
613	0
614	2
614	2
614	2
614	2
614	2
614	2
614	2
614	2
614	2
614	2
615	0
615	0
615	0
615	0
615	0
615	0
615	0
615	0
615	0
615	0
616	0
616	0
616	0
616	0
616	0
616	0
616	0
616	0
616	0
616	0
617	2
617	2
617	2
617	2
617	2
617	2
617	2
617	2
617	2
617	2
618	1
618	1
618	1
618	1
618	1
618	1
618	1
618	1
618	1
618	1
619	1
619	1
619	1
619	1
619	1
619	1
619	1
619	1
619	1
619	1
620	0
620	0
620	0
620	0
620	0
620	0
620	0
620	0
620	0
620	0
621	0
621	0
621	0
621	0
621	0
621	0
621	0
621	0
621	0
621	0
622	2
622	2
622	2
622	2
622	2
622	2
622	2
622	2
622	2
622	2
623	0
623	0
623	0
623	0
623	0
623	0
623	0
623	0
623	0
623	0
624	1
624	1
624	1
624	1
624	1
624	1
624	1
624	1
624	1
624	1
625	2
625	2
625	2
625	2
625	2
625	2
625	2
625	2
625	2
625	2
626	3
626	3
626	3
626	3
626	3
626	3
626	3
626	3
626	3
626	3
627	2
627	2
627	2
627	2
627	2
627	2
627	2
627	2
627	2
627	2
628	0
628	0
628	0
628	0
628	0
628	0
628	0
628	0
628	0
628	0
629	2
629	2
629	2
629	2
629	2
629	2
629	2
629	2
629	2
629	2
630	3
630	3
630	3
630	3
630	3
630	3
630	3
630	3
630	3
630	3
631	2
631	2
631	2
631	2
631	2
631	2
631	2
631	2
631	2
631	2
632	3
632	3
632	3
632	3
632	3
632	3
632	3
632	3
632	3
632	3
633	3
633	3
633	3
633	3
633	3
633	3
633	3
633	3
633	3
633	3
634	0
634	0
634	0
634	0
634	0
634	0
634	0
634	0
634	0
634	0
635	3
635	3
635	3
635	3
635	3
635	3
635	3
635	3
635	3
635	3
636	3
636	3
636	3
636	3
636	3
636	3
636	3
636	3
636	3
636	3
637	1
637	1
637	1
637	1
637	1
637	1
637	1
637	1
637	1
637	1
638	2
638	2
638	2
638	2
638	2
638	2
638	2
638	2
638	2
638	2
639	3
639	3
639	3
639	3
639	3
639	3
639	3
639	3
639	3
639	3
640	0
640	0
640	0
640	0
640	0
640	0
640	0
640	0
640	0
640	0
641	2
641	2
641	2
641	2
641	2
641	2
641	2
641	2
641	2
641	2
642	0
642	0
642	0
642	0
642	0
642	0
642	0
642	0
642	0
642	0
643	1
643	1
643	1
643	1
643	1
643	1
643	1
643	1
643	1
643	1
644	1
644	1
644	1
644	1
644	1
644	1
644	1
644	1
644	1
644	1
645	2
645	2
645	2
645	2
645	2
645	2
645	2
645	2
645	2
645	2
646	3
646	3
646	3
646	3
646	3
646	3
646	3
646	3
646	3
646	3
647	0
647	0
647	0
647	0
647	0
647	0
647	0
647	0
647	0
647	0
648	2
648	2
648	2
648	2
648	2
648	2
648	2
648	2
648	2
648	2
649	3
649	3
649	3
649	3
649	3
649	3
649	3
649	3
649	3
649	3
650	2
650	2
650	2
650	2
650	2
650	2
650	2
650	2
650	2
650	2
651	3
651	3
651	3
651	3
651	3
651	3
651	3
651	3
651	3
651	3
652	0
652	0
652	0
652	0
652	0
652	0
652	0
652	0
652	0
652	0
653	3
653	3
653	3
653	3
653	3
653	3
653	3
653	3
653	3
653	3
654	1
654	1
654	1
654	1
654	1
654	1
654	1
654	1
654	1
654	1
655	0
655	0
655	0
655	0
655	0
655	0
655	0
655	0
655	0
655	0
656	3
656	3
656	3
656	3
656	3
656	3
656	3
656	3
656	3
656	3
657	3
657	3
657	3
657	3
657	3
657	3
657	3
657	3
657	3
657	3
658	3
658	3
658	3
658	3
658	3
658	3
658	3
658	3
658	3
658	3
659	3
659	3
659	3
659	3
659	3
659	3
659	3
659	3
659	3
659	3
660	2
660	2
660	2
660	2
660	2
660	2
660	2
660	2
660	2
660	2
661	1
661	1
661	1
661	1
661	1
661	1
661	1
661	1
661	1
661	1
662	2
662	2
662	2
662	2
662	2
662	2
662	2
662	2
662	2
662	2
663	1
663	1
663	1
663	1
663	1
663	1
663	1
663	1
663	1
663	1
664	2
664	2
664	2
664	2
664	2
664	2
664	2
664	2
664	2
664	2
665	1
665	1
665	1
665	1
665	1
665	1
665	1
665	1
665	1
665	1
666	0
666	0
666	0
666	0
666	0
666	0
666	0
666	0
666	0
666	0
667	0
667	0
667	0
667	0
667	0
667	0
667	0
667	0
667	0
667	0
668	3
668	3
668	3
668	3
668	3
668	3
668	3
668	3
668	3
668	3
669	2
669	2
669	2
669	2
669	2
669	2
669	2
669	2
669	2
669	2
670	2
670	2
670	2
670	2
670	2
670	2
670	2
670	2
670	2
670	2
671	2
671	2
671	2
671	2
671	2
671	2
671	2
671	2
671	2
671	2
672	1
672	1
672	1
672	1
672	1
672	1
672	1
672	1
672	1
672	1
673	0
673	0
673	0
673	0
673	0
673	0
673	0
673	0
673	0
673	0
674	3
674	3
674	3
674	3
674	3
674	3
674	3
674	3
674	3
674	3
675	3
675	3
675	3
675	3
675	3
675	3
675	3
675	3
675	3
675	3
676	2
676	2
676	2
676	2
676	2
676	2
676	2
676	2
676	2
676	2
677	1
677	1
677	1
677	1
677	1
677	1
677	1
677	1
677	1
677	1
678	3
678	3
678	3
678	3
678	3
678	3
678	3
678	3
678	3
678	3
679	0
679	0
679	0
679	0
679	0
679	0
679	0
679	0
679	0
679	0
680	3
680	3
680	3
680	3
680	3
680	3
680	3
680	3
680	3
680	3
681	0
681	0
681	0
681	0
681	0
681	0
681	0
681	0
681	0
681	0
682	1
682	1
682	1
682	1
682	1
682	1
682	1
682	1
682	1
682	1
683	2
683	2
683	2
683	2
683	2
683	2
683	2
683	2
683	2
683	2
684	0
684	0
684	0
684	0
684	0
684	0
684	0
684	0
684	0
684	0
685	1
685	1
685	1
685	1
685	1
685	1
685	1
685	1
685	1
685	1
686	0
686	0
686	0
686	0
686	0
686	0
686	0
686	0
686	0
686	0
687	3
687	3
687	3
687	3
687	3
687	3
687	3
687	3
687	3
687	3
688	3
688	3
688	3
688	3
688	3
688	3
688	3
688	3
688	3
688	3
689	3
689	3
689	3
689	3
689	3
689	3
689	3
689	3
689	3
689	3
690	3
690	3
690	3
690	3
690	3
690	3
690	3
690	3
690	3
690	3
691	3
691	3
691	3
691	3
691	3
691	3
691	3
691	3
691	3
691	3
692	0
692	0
692	0
692	0
692	0
692	0
692	0
692	0
692	0
692	0
693	0
693	0
693	0
693	0
693	0
693	0
693	0
693	0
693	0
693	0
694	3
694	3
694	3
694	3
694	3
694	3
694	3
694	3
694	3
694	3
695	3
695	3
695	3
695	3
695	3
695	3
695	3
695	3
695	3
695	3
696	0
696	0
696	0
696	0
696	0
696	0
696	0
696	0
696	0
696	0
697	2
697	2
697	2
697	2
697	2
697	2
697	2
697	2
697	2
697	2
698	0
698	0
698	0
698	0
698	0
698	0
698	0
698	0
698	0
698	0
699	0
699	0
699	0
699	0
699	0
699	0
699	0
699	0
699	0
699	0
700	2
700	2
700	2
700	2
700	2
700	2
700	2
700	2
700	2
700	2
701	2
701	2
701	2
701	2
701	2
701	2
701	2
701	2
701	2
701	2
702	3
702	3
702	3
702	3
702	3
702	3
702	3
702	3
702	3
702	3
703	0
703	0
703	0
703	0
703	0
703	0
703	0
703	0
703	0
703	0
704	3
704	3
704	3
704	3
704	3
704	3
704	3
704	3
704	3
704	3
705	2
705	2
705	2
705	2
705	2
705	2
705	2
705	2
705	2
705	2
706	0
706	0
706	0
706	0
706	0
706	0
706	0
706	0
706	0
706	0
707	2
707	2
707	2
707	2
707	2
707	2
707	2
707	2
707	2
707	2
708	3
708	3
708	3
708	3
708	3
708	3
708	3
708	3
708	3
708	3
709	1
709	1
709	1
709	1
709	1
709	1
709	1
709	1
709	1
709	1
710	3
710	3
710	3
710	3
710	3
710	3
710	3
710	3
710	3
710	3
711	1
711	1
711	1
711	1
711	1
711	1
711	1
711	1
711	1
711	1
712	3
712	3
712	3
712	3
712	3
712	3
712	3
712	3
712	3
712	3
713	3
713	3
713	3
713	3
713	3
713	3
713	3
713	3
713	3
713	3
714	1
714	1
714	1
714	1
714	1
714	1
714	1
714	1
714	1
714	1
715	3
715	3
715	3
715	3
715	3
715	3
715	3
715	3
715	3
715	3
716	1
716	1
716	1
716	1
716	1
716	1
716	1
716	1
716	1
716	1
717	3
717	3
717	3
717	3
717	3
717	3
717	3
717	3
717	3
717	3
718	2
718	2
718	2
718	2
718	2
718	2
718	2
718	2
718	2
718	2
719	0
719	0
719	0
719	0
719	0
719	0
719	0
719	0
719	0
719	0
720	1
720	1
720	1
720	1
720	1
720	1
720	1
720	1
720	1
720	1
721	2
721	2
721	2
721	2
721	2
721	2
721	2
721	2
721	2
721	2
722	1
722	1
722	1
722	1
722	1
722	1
722	1
722	1
722	1
722	1
723	0
723	0
723	0
723	0
723	0
723	0
723	0
723	0
723	0
723	0
724	2
724	2
724	2
724	2
724	2
724	2
724	2
724	2
724	2
724	2
725	2
725	2
725	2
725	2
725	2
725	2
725	2
725	2
725	2
725	2
726	3
726	3
726	3
726	3
726	3
726	3
726	3
726	3
726	3
726	3
727	3
727	3
727	3
727	3
727	3
727	3
727	3
727	3
727	3
727	3
728	0
728	0
728	0
728	0
728	0
728	0
728	0
728	0
728	0
728	0
729	1
729	1
729	1
729	1
729	1
729	1
729	1
729	1
729	1
729	1
730	2
730	2
730	2
730	2
730	2
730	2
730	2
730	2
730	2
730	2
731	3
731	3
731	3
731	3
731	3
731	3
731	3
731	3
731	3
731	3
732	3
732	3
732	3
732	3
732	3
732	3
732	3
732	3
732	3
732	3
733	0
733	0
733	0
733	0
733	0
733	0
733	0
733	0
733	0
733	0
734	0
734	0
734	0
734	0
734	0
734	0
734	0
734	0
734	0
734	0
735	2
735	2
735	2
735	2
735	2
735	2
735	2
735	2
735	2
735	2
736	2
736	2
736	2
736	2
736	2
736	2
736	2
736	2
736	2
736	2
737	1
737	1
737	1
737	1
737	1
737	1
737	1
737	1
737	1
737	1
738	3
738	3
738	3
738	3
738	3
738	3
738	3
738	3
738	3
738	3
739	2
739	2
739	2
739	2
739	2
739	2
739	2
739	2
739	2
739	2
740	1
740	1
740	1
740	1
740	1
740	1
740	1
740	1
740	1
740	1
741	0
741	0
741	0
741	0
741	0
741	0
741	0
741	0
741	0
741	0
742	2
742	2
742	2
742	2
742	2
742	2
742	2
742	2
742	2
742	2
743	3
743	3
743	3
743	3
743	3
743	3
743	3
743	3
743	3
743	3
744	2
744	2
744	2
744	2
744	2
744	2
744	2
744	2
744	2
744	2
745	3
745	3
745	3
745	3
745	3
745	3
745	3
745	3
745	3
745	3
746	3
746	3
746	3
746	3
746	3
746	3
746	3
746	3
746	3
746	3
747	1
747	1
747	1
747	1
747	1
747	1
747	1
747	1
747	1
747	1
748	0
748	0
748	0
748	0
748	0
748	0
748	0
748	0
748	0
748	0
749	2
749	2
749	2
749	2
749	2
749	2
749	2
749	2
749	2
749	2
750	1
750	1
750	1
750	1
750	1
750	1
750	1
750	1
750	1
750	1
751	0
751	0
751	0
751	0
751	0
751	0
751	0
751	0
751	0
751	0
752	0
752	0
752	0
752	0
752	0
752	0
752	0
752	0
752	0
752	0
753	0
753	0
753	0
753	0
753	0
753	0
753	0
753	0
753	0
753	0
754	0
754	0
754	0
754	0
754	0
754	0
754	0
754	0
754	0
754	0
755	3
755	3
755	3
755	3
755	3
755	3
755	3
755	3
755	3
755	3
756	0
756	0
756	0
756	0
756	0
756	0
756	0
756	0
756	0
756	0
757	1
757	1
757	1
757	1
757	1
757	1
757	1
757	1
757	1
757	1
758	3
758	3
758	3
758	3
758	3
758	3
758	3
758	3
758	3
758	3
759	1
759	1
759	1
759	1
759	1
759	1
759	1
759	1
759	1
759	1
760	1
760	1
760	1
760	1
760	1
760	1
760	1
760	1
760	1
760	1
761	2
761	2
761	2
761	2
761	2
761	2
761	2
761	2
761	2
761	2
762	3
762	3
762	3
762	3
762	3
762	3
762	3
762	3
762	3
762	3
763	1
763	1
763	1
763	1
763	1
763	1
763	1
763	1
763	1
763	1
764	2
764	2
764	2
764	2
764	2
764	2
764	2
764	2
764	2
764	2
765	2
765	2
765	2
765	2
765	2
765	2
765	2
765	2
765	2
765	2
766	0
766	0
766	0
766	0
766	0
766	0
766	0
766	0
766	0
766	0
767	1
767	1
767	1
767	1
767	1
767	1
767	1
767	1
767	1
767	1
768	2
768	2
768	2
768	2
768	2
768	2
768	2
768	2
768	2
768	2
769	3
769	3
769	3
769	3
769	3
769	3
769	3
769	3
769	3
769	3
770	3
770	3
770	3
770	3
770	3
770	3
770	3
770	3
770	3
770	3
771	2
771	2
771	2
771	2
771	2
771	2
771	2
771	2
771	2
771	2
772	1
772	1
772	1
772	1
772	1
772	1
772	1
772	1
772	1
772	1
773	3
773	3
773	3
773	3
773	3
773	3
773	3
773	3
773	3
773	3
774	0
774	0
774	0
774	0
774	0
774	0
774	0
774	0
774	0
774	0
775	2
775	2
775	2
775	2
775	2
775	2
775	2
775	2
775	2
775	2
776	1
776	1
776	1
776	1
776	1
776	1
776	1
776	1
776	1
776	1
777	3
777	3
777	3
777	3
777	3
777	3
777	3
777	3
777	3
777	3
778	1
778	1
778	1
778	1
778	1
778	1
778	1
778	1
778	1
778	1
779	1
779	1
779	1
779	1
779	1
779	1
779	1
779	1
779	1
779	1
780	2
780	2
780	2
780	2
780	2
780	2
780	2
780	2
780	2
780	2
781	1
781	1
781	1
781	1
781	1
781	1
781	1
781	1
781	1
781	1
782	2
782	2
782	2
782	2
782	2
782	2
782	2
782	2
782	2
782	2
783	2
783	2
783	2
783	2
783	2
783	2
783	2
783	2
783	2
783	2
784	3
784	3
784	3
784	3
784	3
784	3
784	3
784	3
784	3
784	3
785	0
785	0
785	0
785	0
785	0
785	0
785	0
785	0
785	0
785	0
786	0
786	0
786	0
786	0
786	0
786	0
786	0
786	0
786	0
786	0
787	1
787	1
787	1
787	1
787	1
787	1
787	1
787	1
787	1
787	1
788	2
788	2
788	2
788	2
788	2
788	2
788	2
788	2
788	2
788	2
789	3
789	3
789	3
789	3
789	3
789	3
789	3
789	3
789	3
789	3
790	0
790	0
790	0
790	0
790	0
790	0
790	0
790	0
790	0
790	0
791	3
791	3
791	3
791	3
791	3
791	3
791	3
791	3
791	3
791	3
792	3
792	3
792	3
792	3
792	3
792	3
792	3
792	3
792	3
792	3
793	2
793	2
793	2
793	2
793	2
793	2
793	2
793	2
793	2
793	2
794	3
794	3
794	3
794	3
794	3
794	3
794	3
794	3
794	3
794	3
795	1
795	1
795	1
795	1
795	1
795	1
795	1
795	1
795	1
795	1
796	3
796	3
796	3
796	3
796	3
796	3
796	3
796	3
796	3
796	3
797	3
797	3
797	3
797	3
797	3
797	3
797	3
797	3
797	3
797	3
798	0
798	0
798	0
798	0
798	0
798	0
798	0
798	0
798	0
798	0
799	2
799	2
799	2
799	2
799	2
799	2
799	2
799	2
799	2
799	2
800	3
800	3
800	3
800	3
800	3
800	3
800	3
800	3
800	3
800	3
801	2
801	2
801	2
801	2
801	2
801	2
801	2
801	2
801	2
801	2
802	1
802	1
802	1
802	1
802	1
802	1
802	1
802	1
802	1
802	1
803	2
803	2
803	2
803	2
803	2
803	2
803	2
803	2
803	2
803	2
804	2
804	2
804	2
804	2
804	2
804	2
804	2
804	2
804	2
804	2
805	2
805	2
805	2
805	2
805	2
805	2
805	2
805	2
805	2
805	2
806	3
806	3
806	3
806	3
806	3
806	3
806	3
806	3
806	3
806	3
807	0
807	0
807	0
807	0
807	0
807	0
807	0
807	0
807	0
807	0
