1	1	3
1	2	2
1	3	3
1	4	3
1	5	3
1	6	2
1	7	0
1	8	2
1	9	3
1	10	2
2	11	2
2	12	2
2	13	3
2	14	2
2	15	2
2	1	2
2	16	2
2	17	2
2	3	2
2	9	3
3	12	1
3	3	1
3	13	1
3	17	1
3	18	1
3	19	1
3	20	1
3	21	1
3	22	0
3	16	0
4	23	0
4	24	0
4	25	0
4	26	0
4	27	0
4	28	0
4	29	1
4	30	0
4	20	0
4	31	0
5	32	2
5	33	3
5	16	3
5	3	2
5	20	2
5	34	3
5	28	3
5	25	3
5	31	2
5	35	3
6	35	2
6	1	2
6	36	3
6	37	2
6	38	2
6	13	2
6	16	2
6	20	2
6	39	3
6	25	2
7	13	1
7	40	1
7	35	0
7	41	1
7	34	1
7	42	1
7	21	1
7	9	1
7	43	1
7	11	0
8	1	0
8	40	0
8	44	0
8	3	1
8	45	0
8	23	0
8	46	0
8	47	0
8	20	0
8	5	1
9	48	0
9	49	0
9	50	0
9	35	0
9	51	1
9	52	0
9	27	0
9	34	0
9	16	2
9	9	0
10	2	2
10	16	0
10	53	0
10	54	0
10	34	0
10	51	0
10	21	0
10	12	0
10	3	1
10	9	0
11	50	0
11	25	0
11	31	0
11	5	0
11	39	0
11	54	1
11	35	0
11	19	0
11	55	0
11	3	1
12	50	0
12	2	1
12	1	1
12	10	0
12	43	0
12	4	1
12	34	1
12	8	1
12	31	1
12	26	1
13	2	3
13	14	2
13	1	3
13	25	2
13	43	3
13	9	3
13	10	3
13	5	2
13	12	3
13	13	3
14	12	1
14	35	0
14	36	1
14	56	1
14	9	1
14	57	1
14	58	2
14	44	0
14	16	0
14	6	1
15	40	3
15	55	3
15	34	3
15	36	3
15	42	3
15	16	3
15	59	3
15	43	2
15	3	2
15	28	3
16	47	0
16	56	0
16	34	0
16	60	0
16	50	0
16	61	0
16	11	1
16	25	0
16	31	0
16	62	0
17	13	3
17	40	3
17	10	3
17	39	3
17	17	3
17	21	3
17	43	3
17	45	3
17	22	2
17	58	2
18	43	1
18	3	1
18	40	1
18	26	1
18	17	1
18	18	1
18	9	1
18	61	1
18	13	1
18	54	1
19	16	0
19	12	0
19	3	0
19	53	0
19	31	0
19	9	0
19	55	0
19	13	0
19	34	0
19	14	0
20	13	0
20	11	0
20	36	1
20	47	1
20	15	1
20	23	1
20	9	1
20	55	0
20	16	0
20	61	1
21	50	2
21	43	3
21	2	2
21	47	3
21	23	3
21	40	3
21	63	2
21	16	2
21	15	2
21	34	3
22	13	3
22	11	3
22	17	3
22	9	3
22	56	2
22	22	3
22	35	1
22	23	3
22	55	2
22	21	3
23	48	0
23	1	0
23	39	0
23	3	1
23	64	0
23	13	0
23	10	0
23	55	0
23	36	0
23	20	0
24	49	1
24	53	1
24	25	2
24	62	0
24	37	1
24	13	1
24	65	0
24	23	0
24	54	1
24	47	1
25	2	2
25	50	3
25	3	3
25	22	3
25	58	2
25	44	3
25	10	3
25	34	3
25	66	3
25	9	2
26	4	3
26	31	3
26	49	3
26	53	3
26	34	3
26	47	3
26	20	3
26	58	2
26	22	3
26	16	3
27	2	3
27	3	3
27	67	2
27	13	3
27	25	3
27	52	3
27	56	2
27	23	3
27	34	3
27	9	3
28	14	0
28	3	2
28	27	2
28	20	2
28	13	2
28	19	2
28	40	2
28	43	2
28	29	1
28	51	2
29	12	3
29	3	3
29	68	3
29	31	3
29	47	3
29	56	3
29	13	3
29	35	1
29	60	3
29	34	3
30	3	0
30	31	0
30	35	0
30	27	1
30	20	1
30	5	1
30	22	0
30	41	1
30	10	0
30	59	1
31	48	2
31	1	3
31	13	2
31	15	2
31	10	2
31	9	3
31	31	3
31	35	2
31	43	2
31	20	2
32	11	1
32	25	1
32	43	1
32	15	1
32	9	1
32	27	1
32	34	1
32	69	1
32	31	1
32	35	0
33	19	0
33	58	1
33	9	0
33	25	1
33	16	1
33	3	0
33	11	1
33	41	1
33	21	0
33	34	1
34	1	1
34	16	1
34	24	1
34	3	0
34	14	0
34	53	0
34	31	1
34	13	1
34	15	0
34	35	1
35	36	3
35	70	3
35	4	3
35	25	3
35	23	3
35	53	3
35	56	2
35	26	2
35	14	3
35	20	2
36	12	3
36	16	3
36	70	3
36	25	3
36	37	2
36	71	3
36	28	3
36	39	3
36	51	3
36	47	3
37	23	3
37	31	2
37	40	3
37	16	3
37	58	2
37	28	3
37	42	3
37	29	2
37	5	3
37	35	3
38	11	3
38	31	2
38	61	2
38	19	2
38	34	2
38	3	2
38	17	3
38	16	3
38	29	2
38	22	2
39	72	3
39	5	3
39	23	2
39	8	2
39	20	2
39	9	2
39	13	3
39	41	3
39	25	3
39	22	3
40	37	2
40	10	2
40	17	2
40	23	2
40	19	2
40	41	2
40	27	2
40	29	2
40	13	2
40	73	2
41	74	2
41	75	2
41	49	2
41	1	2
41	35	2
41	16	2
41	31	2
41	34	2
41	30	2
41	72	2
42	16	1
42	11	1
42	1	0
42	35	1
42	40	0
42	43	0
42	65	0
42	58	1
42	12	0
42	10	1
43	49	3
43	48	3
43	56	3
43	47	3
43	34	3
43	31	3
43	25	3
43	9	3
43	20	3
43	43	3
44	22	2
44	35	2
44	37	2
44	43	1
44	20	2
44	9	2
44	21	2
44	34	2
44	14	2
44	66	2
45	2	0
45	31	1
45	67	0
45	3	1
45	16	1
45	53	0
45	9	0
45	20	1
45	39	0
45	10	0
46	16	0
46	1	0
46	37	0
46	2	1
46	43	0
46	23	0
46	7	0
46	40	0
46	47	0
46	9	0
47	11	1
47	49	0
47	40	1
47	34	1
47	26	1
47	31	1
47	5	0
47	17	1
47	9	1
47	55	1
48	13	2
48	31	2
48	34	2
48	35	2
48	61	2
48	41	2
48	23	2
48	47	2
48	3	2
48	14	3
49	50	2
49	76	2
49	25	2
49	2	3
49	9	3
49	3	2
49	28	2
49	16	2
49	35	2
49	73	2
50	35	1
50	43	0
50	67	0
50	50	1
50	8	1
50	37	1
50	23	1
50	31	1
50	9	1
50	27	1
51	23	3
51	24	3
51	25	3
51	40	3
51	17	3
51	2	2
51	9	3
51	39	2
51	58	2
51	54	2
52	11	2
52	4	2
52	13	2
52	39	2
52	56	2
52	40	2
52	12	2
52	47	2
52	42	2
52	20	2
53	16	0
53	61	1
53	56	0
53	35	1
53	37	1
53	47	1
53	17	0
53	50	0
53	13	1
53	29	1
54	23	1
54	34	0
54	8	1
54	16	0
54	43	0
54	35	0
54	12	0
54	3	1
54	9	0
54	28	1
55	35	2
55	12	3
55	77	3
55	78	3
55	14	3
55	4	3
55	34	3
55	43	3
55	3	2
55	36	3
56	79	0
56	12	1
56	36	1
56	22	0
56	5	1
56	9	1
56	37	1
56	41	1
56	35	0
56	45	1
57	1	0
57	43	3
57	49	3
57	80	3
57	5	3
57	37	2
57	52	2
57	8	2
57	45	2
57	47	3
58	37	2
58	22	3
58	56	2
58	13	3
58	9	3
58	20	3
58	25	3
58	36	3
58	28	3
58	66	3
59	50	1
59	10	1
59	25	0
59	8	1
59	41	1
59	26	1
59	23	1
59	51	1
59	53	1
59	11	1
60	81	2
60	39	3
60	80	3
60	12	3
60	3	2
60	34	3
60	9	3
60	53	2
60	54	3
60	50	3
61	40	3
61	43	3
61	23	3
61	62	3
61	82	3
61	13	3
61	63	3
61	35	3
61	51	2
61	19	3
62	81	0
62	39	0
62	76	0
62	34	0
62	13	1
62	2	1
62	10	0
62	7	0
62	61	0
62	42	0
63	83	0
63	40	1
63	2	1
63	37	1
63	3	1
63	55	1
63	43	0
63	19	0
63	34	0
63	84	0
64	83	2
64	39	2
64	13	2
64	47	2
64	40	2
64	2	3
64	23	2
64	35	2
64	55	2
64	29	2
65	55	3
65	1	3
65	40	3
65	34	3
65	26	2
65	41	3
65	39	3
65	3	3
65	5	3
65	36	3
66	68	2
66	25	2
66	13	3
66	2	3
66	39	3
66	56	2
66	16	2
66	23	2
66	47	3
66	9	3
67	36	2
67	55	2
67	11	2
67	8	2
67	9	2
67	13	2
67	43	2
67	62	2
67	73	2
67	22	2
68	13	1
68	36	0
68	31	1
68	26	0
68	27	0
68	39	0
68	19	0
68	55	0
68	20	0
68	41	0
69	70	2
69	85	1
69	13	2
69	23	2
69	40	2
69	17	2
69	34	2
69	35	2
69	58	2
69	5	1
70	31	2
70	20	2
70	55	2
70	17	2
70	10	2
70	28	2
70	58	2
70	22	2
70	25	2
70	66	2
71	1	2
71	13	2
71	15	2
71	54	2
71	47	2
71	55	2
71	66	2
71	34	2
71	35	2
71	51	2
72	16	3
72	37	2
72	4	3
72	40	3
72	8	3
72	35	3
72	43	3
72	9	2
72	31	2
72	55	3
73	1	1
73	37	1
73	16	0
73	13	2
73	9	1
73	53	1
73	20	0
73	3	1
73	35	0
73	40	1
74	37	1
74	25	1
74	39	1
74	31	1
74	35	1
74	86	1
74	44	1
74	29	1
74	22	1
74	20	1
75	1	3
75	52	3
75	56	3
75	23	3
75	40	3
75	34	3
75	17	3
75	5	3
75	43	3
75	15	3
76	68	3
76	37	2
76	32	3
76	15	3
76	3	3
76	22	3
76	17	3
76	13	3
76	16	3
76	44	3
77	11	2
77	50	2
77	34	3
77	52	3
77	47	3
77	16	3
77	23	3
77	13	3
77	63	3
77	28	3
78	1	3
78	16	3
78	20	2
78	21	3
78	10	3
78	30	2
78	43	3
78	9	3
78	29	2
78	22	3
79	11	2
79	70	2
79	56	2
79	23	2
79	28	2
79	22	3
79	44	2
79	20	2
79	60	2
79	16	2
80	16	0
80	2	1
80	20	1
80	18	0
80	87	0
80	5	0
80	9	1
80	25	0
80	53	0
80	58	1
81	12	1
81	85	0
81	67	0
81	31	0
81	1	1
81	77	0
81	39	1
81	41	1
81	37	1
81	15	1
82	40	2
82	61	2
82	3	2
82	9	2
82	20	2
82	22	2
82	35	3
82	69	2
82	29	2
82	88	2
83	77	1
83	89	0
83	2	1
83	16	0
83	26	0
83	13	1
83	10	0
83	11	0
83	20	0
83	21	0
84	1	0
84	22	0
84	40	0
84	56	1
84	14	0
84	16	0
84	17	0
84	35	0
84	20	0
84	25	0
85	11	1
85	27	1
85	20	1
85	31	1
85	13	1
85	9	1
85	43	1
85	61	1
85	73	1
85	3	1
86	63	0
86	58	1
86	12	0
86	34	0
86	27	0
86	20	0
86	73	0
86	25	0
86	16	0
86	26	1
87	14	1
87	43	1
87	1	1
87	39	1
87	31	1
87	8	1
87	28	1
87	69	1
87	16	0
87	34	1
88	16	0
88	1	1
88	10	0
88	19	1
88	37	1
88	9	1
88	51	1
88	55	1
88	21	1
88	42	1
89	48	0
89	16	0
89	35	0
89	31	0
89	58	0
89	61	0
89	13	0
89	22	1
89	59	0
89	34	0
90	50	1
90	48	1
90	90	0
90	49	0
90	13	0
90	4	0
90	77	0
90	36	0
90	1	0
90	3	0
91	81	1
91	56	1
91	22	0
91	3	1
91	5	1
91	31	1
91	30	1
91	35	1
91	29	2
91	20	1
92	14	0
92	35	1
92	9	0
92	34	1
92	5	1
92	23	0
92	58	1
92	13	1
92	47	0
92	43	1
93	61	3
93	12	2
93	77	3
93	56	2
93	47	3
93	39	2
93	10	3
93	53	3
93	34	3
93	20	3
94	77	3
94	13	3
94	15	2
94	23	3
94	57	3
94	35	3
94	51	3
94	31	3
94	45	2
94	10	3
95	1	0
95	10	1
95	67	1
95	13	1
95	3	1
95	22	1
95	9	0
95	44	1
95	2	1
95	20	0
96	48	2
96	83	3
96	3	2
96	49	2
96	35	3
96	10	3
96	25	3
96	15	2
96	5	2
96	19	2
97	37	0
97	1	1
97	15	1
97	10	0
97	90	1
97	39	1
97	43	1
97	62	0
97	31	0
97	17	1
98	12	2
98	68	2
98	79	2
98	35	2
98	15	2
98	3	2
98	44	2
98	8	2
98	55	2
98	58	2
99	13	0
99	35	0
99	37	0
99	3	1
99	36	0
99	22	1
99	57	1
99	21	0
99	73	0
99	20	0
100	1	0
100	49	0
100	4	0
100	10	0
100	56	1
100	13	1
100	61	0
100	3	1
100	26	1
100	34	0
101	75	0
101	55	2
101	36	2
101	35	2
101	27	2
101	3	2
101	17	2
101	23	2
101	47	2
101	34	2
102	1	1
102	31	1
102	15	1
102	50	1
102	9	1
102	60	1
102	27	1
102	34	1
102	28	0
102	73	0
103	49	1
103	31	3
103	40	1
103	13	1
103	61	1
103	62	1
103	16	0
103	21	1
103	25	1
103	55	1
104	10	3
104	22	2
104	14	2
104	56	2
104	25	2
104	6	2
104	20	2
104	66	2
104	72	3
104	42	3
105	11	0
105	34	1
105	56	1
105	22	1
105	53	1
105	20	1
105	29	1
105	58	1
105	31	1
105	9	1
106	61	3
106	56	2
106	55	3
106	1	3
106	43	3
106	37	2
106	54	3
106	9	3
106	3	2
106	42	3
107	11	3
107	5	2
107	53	3
107	3	2
107	34	3
107	40	2
107	22	2
107	41	3
107	20	2
107	36	2
108	13	3
108	12	0
108	40	0
108	53	0
108	17	1
108	20	1
108	9	0
108	36	0
108	42	0
108	25	0
109	78	3
109	40	1
109	34	1
109	2	1
109	3	0
109	47	1
109	44	0
109	15	1
109	35	0
109	21	1
110	1	3
110	56	2
110	55	2
110	35	2
110	22	2
110	61	2
110	45	3
110	21	2
110	9	2
110	3	2
111	13	3
111	35	2
111	3	2
111	76	3
111	27	3
111	10	3
111	41	2
111	15	3
111	60	3
111	22	3
112	50	0
112	11	0
112	36	0
112	17	0
112	13	0
112	41	1
112	5	0
112	21	0
112	9	0
112	20	0
113	23	3
113	1	3
113	2	3
113	12	3
113	37	2
113	52	3
113	3	3
113	20	3
113	73	3
113	54	3
114	13	3
114	12	2
114	22	2
114	6	2
114	23	2
114	47	2
114	36	2
114	25	2
114	14	2
114	20	2
115	1	2
115	3	2
115	13	2
115	41	2
115	54	2
115	12	2
115	51	2
115	9	3
115	53	2
115	20	2
116	1	3
116	35	2
116	12	3
116	40	3
116	13	3
116	14	2
116	61	0
116	23	3
116	47	3
116	17	3
117	49	2
117	12	3
117	13	2
117	47	3
117	63	2
117	40	2
117	9	2
117	6	3
117	28	3
117	17	3
118	23	3
118	16	2
118	34	3
118	1	3
118	20	3
118	53	3
118	8	3
118	25	3
118	28	3
118	29	2
119	37	0
119	31	0
119	32	1
119	67	0
119	39	0
119	34	0
119	16	0
119	35	0
119	9	0
119	12	0
120	25	2
120	31	0
120	45	0
120	29	0
120	35	0
120	10	0
120	9	0
120	28	0
120	63	0
120	47	0
121	72	0
121	36	0
121	40	0
121	14	1
121	34	0
121	37	0
121	10	0
121	47	0
121	13	1
121	42	0
122	75	0
122	22	2
122	5	2
122	43	2
122	25	2
122	28	2
122	20	2
122	41	2
122	72	2
122	47	2
123	2	3
123	16	2
123	26	2
123	52	2
123	50	2
123	37	2
123	35	2
123	3	2
123	31	2
123	21	2
124	23	3
124	25	2
124	1	2
124	19	2
124	36	3
124	35	2
124	40	3
124	56	2
124	9	3
124	21	3
125	81	0
125	1	0
125	15	0
125	22	2
125	16	0
125	39	0
125	50	0
125	30	0
125	28	1
125	47	0
126	11	2
126	16	2
126	1	3
126	39	3
126	19	2
126	47	3
126	9	3
126	55	2
126	66	2
126	22	2
127	31	3
127	91	3
127	35	3
127	3	2
127	20	2
127	16	3
127	58	2
127	40	3
127	8	3
127	25	3
128	2	3
128	1	3
128	13	3
128	44	3
128	35	3
128	12	3
128	20	3
128	28	3
128	47	3
128	3	3
129	31	2
129	16	2
129	12	2
129	13	2
129	35	2
129	34	2
129	9	2
129	47	2
129	23	2
129	8	2
130	39	0
130	17	0
130	13	0
130	31	0
130	16	0
130	9	1
130	42	0
130	36	0
130	55	1
130	22	0
131	90	0
131	72	0
131	49	0
131	5	2
131	57	0
131	31	0
131	58	0
131	34	0
131	59	0
131	28	0
132	22	1
132	57	1
132	52	1
132	62	0
132	17	1
132	8	1
132	55	1
132	36	1
132	35	1
132	28	0
133	83	1
133	16	1
133	61	1
133	76	1
133	3	1
133	35	1
133	31	1
133	43	1
133	12	1
133	63	1
134	92	3
134	16	3
134	25	3
134	5	3
134	58	2
134	21	3
134	9	3
134	47	3
134	13	3
134	61	2
135	12	2
135	35	2
135	3	3
135	25	2
135	53	3
135	2	2
135	5	2
135	31	2
135	34	2
135	58	2
136	13	0
136	40	1
136	5	0
136	37	1
136	9	1
136	63	1
136	21	1
136	25	0
136	11	0
136	3	1
137	37	2
137	2	3
137	35	3
137	50	3
137	27	3
137	10	3
137	34	3
137	21	3
137	23	3
137	44	3
138	11	2
138	14	2
138	37	2
138	40	2
138	19	2
138	35	0
138	29	0
138	34	2
138	3	2
138	55	2
139	35	3
139	15	2
139	3	3
139	16	3
139	42	3
139	73	3
139	28	3
139	58	2
139	55	3
139	66	3
140	11	0
140	37	1
140	13	1
140	8	0
140	28	1
140	10	1
140	41	0
140	53	1
140	31	1
140	34	1
141	24	3
141	80	3
141	37	2
141	31	3
141	44	3
141	35	3
141	54	3
141	9	2
141	20	2
141	3	2
142	1	2
142	10	2
142	52	2
142	37	2
142	16	2
142	86	2
142	22	2
142	9	2
142	21	2
142	20	2
143	77	0
143	50	0
143	56	0
143	3	0
143	90	1
143	17	0
143	44	0
143	13	0
143	31	0
143	34	0
144	16	0
144	90	1
144	37	1
144	36	1
144	34	1
144	19	1
144	17	1
144	23	1
144	3	1
144	13	1
145	2	0
145	32	0
145	22	0
145	9	0
145	17	0
145	39	0
145	13	0
145	31	0
145	16	0
145	29	0
146	2	1
146	37	1
146	40	1
146	15	1
146	76	1
146	9	1
146	3	1
146	21	1
146	5	1
146	22	1
147	1	3
147	37	2
147	3	3
147	40	3
147	2	3
147	77	3
147	76	3
147	47	3
147	61	2
147	5	3
148	1	2
148	40	3
148	3	2
148	51	2
148	43	3
148	20	2
148	9	2
148	35	3
148	29	2
148	22	2
149	40	3
149	55	2
149	35	3
149	34	3
149	23	3
149	43	2
149	20	2
149	53	2
149	12	3
149	51	3
150	49	3
150	16	2
150	34	3
150	13	3
150	19	3
150	41	3
150	9	3
150	35	3
150	51	3
150	63	3
151	11	3
151	36	3
151	68	3
151	25	3
151	31	3
151	15	3
151	13	3
151	3	2
151	34	3
151	88	3
152	35	1
152	56	0
152	27	1
152	25	0
152	53	1
152	37	1
152	6	1
152	43	1
152	9	1
152	3	1
153	10	2
153	11	2
153	40	2
153	41	2
153	34	3
153	27	2
153	15	2
153	21	2
153	63	3
153	51	3
154	90	0
154	56	1
154	61	0
154	53	0
154	22	1
154	21	0
154	43	0
154	34	0
154	55	0
154	20	0
155	1	3
155	4	3
155	40	3
155	10	3
155	22	2
155	23	3
155	2	3
155	15	2
155	61	2
155	3	2
156	56	2
156	31	2
156	25	3
156	1	2
156	39	2
156	3	2
156	22	2
156	8	2
156	35	3
156	21	2
157	90	1
157	13	1
157	63	1
157	9	1
157	22	1
157	35	1
157	61	1
157	65	1
157	60	1
157	50	1
158	80	2
158	35	2
158	34	3
158	31	3
158	13	3
158	47	3
158	3	2
158	20	2
158	25	2
158	73	2
159	65	0
159	25	0
159	19	0
159	22	0
159	23	0
159	20	1
159	42	1
159	16	0
159	9	1
159	31	0
160	16	0
160	49	0
160	13	1
160	8	0
160	41	1
160	31	0
160	21	1
160	66	0
160	58	1
160	42	0
161	16	2
161	3	2
161	43	3
161	13	2
161	9	2
161	21	2
161	10	2
161	54	2
161	35	2
161	42	2
162	16	0
162	48	0
162	1	0
162	85	0
162	27	0
162	42	1
162	31	0
162	29	1
162	9	0
162	58	1
163	37	2
163	77	3
163	40	3
163	22	2
163	35	3
163	15	2
163	41	2
163	9	3
163	54	3
163	21	2
164	89	3
164	56	2
164	1	3
164	31	2
164	58	2
164	14	3
164	20	3
164	29	2
164	30	2
164	41	3
165	47	0
165	12	0
165	3	1
165	13	1
165	43	0
165	16	0
165	55	0
165	22	0
165	35	0
165	31	1
166	25	2
166	15	2
166	13	3
166	53	3
166	39	3
166	21	3
166	41	2
166	9	2
166	28	3
166	62	3
167	49	0
167	13	0
167	39	0
167	12	0
167	35	0
167	25	0
167	3	0
167	19	0
167	37	0
167	20	0
168	2	0
168	13	1
168	76	1
168	61	0
168	3	0
168	53	0
168	44	0
168	7	0
168	9	0
168	29	1
169	16	1
169	13	1
169	35	1
169	2	0
169	39	0
169	7	1
169	45	0
169	62	1
169	20	1
169	21	1
170	36	1
170	24	1
170	3	2
170	16	1
170	34	1
170	50	1
170	13	1
170	54	1
170	20	1
170	93	0
171	2	2
171	35	2
171	15	2
171	41	2
171	37	2
171	57	2
171	16	2
171	55	3
171	61	2
171	9	2
172	13	3
172	35	3
172	14	2
172	76	3
172	56	2
172	39	2
172	8	2
172	37	2
172	22	2
172	31	2
173	35	1
173	3	1
173	19	1
173	8	1
173	40	1
173	20	1
173	43	1
173	29	0
173	55	1
173	73	1
174	1	3
174	61	3
174	35	3
174	22	3
174	60	3
174	6	3
174	10	3
174	13	3
174	21	3
174	3	2
175	16	0
175	35	0
175	47	1
175	2	1
175	43	1
175	40	1
175	21	2
175	30	1
175	13	0
175	3	1
176	32	1
176	4	1
176	35	1
176	33	0
176	31	1
176	3	1
176	58	1
176	29	1
176	22	1
176	25	0
177	37	0
177	36	0
177	5	0
177	65	0
177	23	0
177	31	0
177	29	1
177	12	0
177	73	0
177	21	0
178	10	3
178	16	3
178	37	2
178	28	3
178	12	3
178	18	3
178	23	3
178	35	3
178	11	3
178	94	3
179	48	2
179	1	2
179	65	2
179	31	2
179	20	2
179	54	2
179	23	2
179	9	3
179	42	2
179	34	2
180	48	2
180	35	2
180	56	3
180	3	3
180	4	3
180	13	3
180	26	2
180	60	3
180	23	3
180	19	3
181	10	3
181	81	2
181	8	2
181	80	3
181	16	3
181	15	3
181	23	2
181	31	2
181	9	3
181	53	3
182	72	0
182	43	2
182	13	3
182	35	0
182	5	0
182	53	0
182	17	3
182	10	3
182	47	3
182	6	3
183	75	3
183	37	2
183	1	3
183	31	2
183	33	3
183	95	3
183	34	3
183	29	2
183	55	3
183	25	3
184	12	3
184	74	3
184	36	3
184	35	3
184	90	3
184	13	3
184	17	3
184	53	3
184	40	3
184	62	3
185	1	3
185	55	3
185	43	3
185	12	3
185	31	3
185	60	3
185	21	3
185	25	3
185	20	2
185	35	3
186	77	2
186	4	3
186	37	2
186	14	2
186	40	3
186	61	2
186	58	2
186	29	2
186	10	3
186	28	3
187	14	3
187	16	3
187	56	2
187	96	3
187	67	2
187	77	3
187	5	2
187	40	3
187	13	3
187	8	3
188	2	1
188	15	0
188	40	0
188	41	0
188	60	0
188	16	0
188	28	0
188	9	0
188	31	0
188	3	1
189	14	0
189	6	0
189	16	0
189	31	0
189	34	0
189	39	0
189	8	1
189	41	0
189	3	0
189	7	0
190	68	2
190	25	2
190	37	2
190	55	2
190	61	2
190	40	2
190	3	2
190	56	2
190	43	2
190	9	2
191	39	1
191	22	0
191	17	0
191	57	0
191	9	1
191	3	1
191	13	0
191	16	0
191	11	0
191	10	0
192	37	2
192	55	3
192	16	3
192	41	3
192	26	2
192	12	3
192	13	3
192	3	3
192	21	3
192	20	3
193	19	3
193	23	3
193	3	3
193	41	3
193	27	2
193	16	2
193	60	3
193	13	3
193	9	2
193	30	3
194	4	0
194	76	0
194	12	0
194	23	0
194	56	1
194	31	1
194	40	0
194	17	0
194	60	0
194	20	0
195	36	3
195	55	3
195	43	3
195	35	3
195	54	3
195	42	3
195	30	2
195	47	3
195	94	3
195	58	2
196	36	3
196	34	3
196	23	3
196	16	2
196	60	3
196	53	3
196	17	3
196	21	2
196	12	3
196	42	3
197	90	3
197	11	3
197	1	2
197	32	3
197	56	3
197	17	3
197	23	3
197	9	3
197	91	3
197	37	2
198	37	2
198	25	2
198	43	2
198	20	2
198	28	3
198	94	2
198	30	2
198	54	2
198	13	2
198	53	2
199	37	2
199	25	3
199	55	2
199	9	2
199	19	2
199	54	3
199	16	3
199	58	2
199	35	3
199	41	3
200	25	2
200	52	3
200	34	3
200	31	3
200	20	3
200	43	3
200	35	3
200	16	3
200	5	3
200	22	3
201	37	2
201	31	2
201	20	3
201	8	2
201	28	2
201	12	2
201	42	2
201	14	2
201	43	3
201	3	2
202	1	2
202	31	2
202	12	3
202	10	3
202	22	3
202	43	3
202	23	2
202	39	2
202	51	3
202	34	3
203	11	2
203	37	2
203	49	3
203	70	3
203	16	0
203	19	2
203	9	3
203	6	3
203	3	2
203	10	3
204	31	0
204	43	1
204	16	0
204	41	1
204	40	1
204	13	1
204	5	1
204	35	1
204	59	1
204	54	1
205	14	0
205	12	0
205	49	1
205	19	0
205	9	0
205	43	0
205	53	0
205	35	1
205	66	1
205	34	0
206	90	3
206	39	3
206	53	3
206	19	3
206	5	3
206	13	3
206	3	3
206	9	3
206	34	3
206	61	3
207	4	1
207	39	1
207	10	0
207	40	1
207	37	1
207	9	1
207	23	1
207	13	1
207	60	1
207	58	1
208	8	1
208	3	1
208	1	1
208	34	1
208	65	1
208	53	1
208	44	0
208	47	1
208	9	1
208	28	1
209	35	2
209	1	2
209	61	3
209	43	2
209	20	2
209	36	2
209	31	2
209	41	2
209	10	2
209	3	2
210	48	2
210	2	3
210	31	2
210	3	2
210	35	3
210	13	3
210	54	3
210	47	3
210	94	3
210	66	3
211	3	0
211	89	0
211	40	0
211	13	0
211	1	0
211	19	0
211	57	0
211	44	0
211	37	0
211	54	0
212	78	3
212	43	1
212	3	1
212	47	1
212	16	0
212	23	1
212	13	1
212	35	0
212	31	1
212	58	0
213	35	0
213	34	1
213	17	0
213	1	1
213	40	1
213	31	0
213	15	1
213	23	1
213	14	0
213	16	0
214	39	0
214	16	0
214	20	1
214	17	0
214	21	1
214	29	1
214	34	1
214	27	1
214	47	1
214	28	0
215	61	1
215	51	0
215	43	1
215	13	1
215	12	0
215	37	0
215	7	0
215	18	1
215	31	0
215	23	0
216	16	0
216	70	0
216	49	1
216	8	0
216	31	1
216	15	0
216	1	0
216	13	0
216	3	0
216	26	0
217	37	1
217	77	1
217	8	1
217	17	0
217	2	1
217	60	1
217	41	1
217	27	1
217	9	1
217	63	1
218	2	2
218	3	2
218	14	2
218	62	2
218	17	2
218	69	2
218	31	3
218	6	2
218	55	3
218	40	2
219	56	0
219	16	0
219	9	1
219	44	0
219	13	0
219	31	0
219	12	1
219	61	0
219	40	1
219	21	1
220	23	0
220	1	0
220	76	0
220	61	0
220	44	0
220	5	0
220	57	0
220	3	0
220	47	0
220	21	0
221	10	3
221	70	3
221	68	3
221	35	3
221	20	3
221	3	3
221	47	3
221	41	2
221	19	3
221	8	3
222	1	2
222	13	2
222	20	2
222	54	2
222	10	2
222	9	2
222	16	2
222	72	3
222	41	2
222	34	2
223	3	2
223	2	2
223	1	2
223	6	2
223	31	2
223	9	2
223	20	2
223	35	2
223	29	2
223	45	2
224	13	1
224	37	0
224	10	0
224	65	1
224	36	0
224	15	0
224	17	0
224	20	1
224	34	0
224	28	0
225	16	0
225	49	0
225	12	0
225	37	0
225	23	0
225	5	0
225	14	1
225	31	0
225	9	0
225	34	0
226	50	2
226	16	2
226	40	2
226	8	2
226	31	3
226	15	2
226	21	3
226	3	2
226	9	2
226	62	3
227	24	3
227	25	2
227	16	3
227	35	3
227	43	3
227	5	2
227	3	3
227	61	2
227	20	2
227	55	3
228	37	2
228	25	2
228	22	3
228	23	3
228	40	3
228	13	3
228	55	3
228	28	3
228	7	3
228	19	2
229	1	0
229	43	0
229	55	0
229	13	0
229	37	0
229	23	0
229	34	0
229	40	0
229	9	0
229	51	0
230	16	0
230	10	0
230	31	0
230	60	1
230	43	0
230	9	0
230	97	0
230	21	0
230	42	1
230	35	0
231	68	0
231	4	0
231	43	0
231	17	0
231	2	1
231	37	1
231	19	0
231	35	1
231	6	0
231	16	0
232	1	3
232	49	2
232	40	3
232	13	3
232	51	3
232	47	3
232	31	3
232	29	2
232	63	3
232	72	3
233	37	0
233	35	1
233	77	1
233	50	1
233	43	1
233	10	0
233	13	1
233	20	1
233	28	1
233	61	1
234	74	1
234	56	0
234	63	0
234	16	0
234	2	1
234	3	1
234	9	1
234	55	1
234	43	1
234	20	1
235	12	2
235	2	3
235	50	2
235	26	2
235	10	3
235	95	3
235	13	3
235	3	2
235	9	2
235	16	3
236	24	0
236	39	0
236	12	0
236	43	0
236	35	1
236	27	0
236	63	0
236	21	0
236	55	0
236	25	0
237	2	1
237	43	0
237	33	1
237	41	0
237	5	1
237	44	0
237	20	0
237	60	1
237	13	1
237	35	1
238	90	2
238	85	2
238	37	2
238	31	2
238	22	2
238	3	2
238	40	3
238	60	3
238	6	3
238	35	3
239	37	1
239	35	1
239	15	1
239	95	1
239	44	0
239	9	1
239	27	1
239	3	1
239	28	0
239	58	0
240	49	2
240	2	2
240	1	2
240	19	2
240	16	2
240	23	3
240	13	3
240	54	2
240	43	2
240	20	2
241	13	1
241	12	0
241	2	0
241	41	0
241	5	0
241	29	0
241	25	0
241	22	0
241	58	0
241	3	0
242	34	2
242	1	2
242	43	3
242	40	2
242	37	2
242	8	2
242	3	2
242	31	2
242	13	2
242	35	2
243	23	1
243	85	1
243	14	1
243	6	1
243	43	1
243	52	0
243	15	1
243	9	1
243	13	1
243	5	1
244	12	1
244	8	1
244	56	1
244	62	1
244	17	1
244	53	1
244	31	0
244	69	0
244	86	1
244	47	1
245	4	3
245	43	3
245	76	3
245	6	2
245	35	3
245	41	3
245	39	3
245	44	3
245	23	3
245	47	3
246	23	3
246	3	3
246	9	3
246	16	3
246	13	3
246	34	3
246	29	2
246	20	3
246	8	2
246	72	3
247	23	3
247	11	2
247	35	2
247	8	2
247	5	3
247	31	3
247	43	2
247	58	2
247	20	2
247	55	3
248	35	3
248	31	2
248	43	3
248	40	3
248	13	3
248	7	3
248	47	3
248	29	2
248	19	3
248	94	3
249	14	1
249	13	0
249	40	1
249	61	1
249	17	0
249	41	1
249	55	1
249	3	1
249	15	1
249	16	0
250	83	3
250	1	3
250	90	3
250	3	3
250	43	3
250	35	3
250	39	3
250	40	3
250	29	2
250	73	3
251	3	0
251	4	1
251	40	0
251	13	1
251	7	0
251	34	1
251	9	1
251	60	1
251	16	0
251	43	1
252	23	2
252	16	2
252	2	3
252	7	3
252	39	3
252	3	2
252	42	2
252	22	3
252	54	2
252	41	3
253	75	2
253	48	2
253	77	2
253	13	3
253	22	3
253	55	3
253	7	2
253	71	2
253	65	3
253	41	2
254	24	3
254	36	3
254	40	3
254	47	3
254	31	2
254	71	3
254	10	3
254	34	3
254	45	3
254	6	3
255	13	2
255	23	3
255	5	2
255	41	2
255	10	2
255	21	2
255	53	3
255	36	2
255	9	3
255	20	2
256	35	0
256	1	1
256	31	0
256	20	1
256	13	0
256	44	0
256	14	1
256	8	0
256	22	1
256	53	0
257	2	1
257	35	0
257	48	1
257	90	0
257	37	1
257	1	0
257	31	0
257	52	0
257	60	0
257	5	1
258	32	2
258	19	3
258	23	2
258	51	3
258	55	3
258	20	2
258	34	3
258	35	3
258	47	3
258	25	2
259	13	2
259	56	2
259	1	2
259	34	2
259	7	2
259	62	2
259	58	2
259	9	2
259	37	2
259	98	2
260	81	2
260	12	2
260	31	2
260	50	2
260	37	2
260	9	2
260	22	2
260	16	2
260	5	1
260	13	2
261	11	1
261	4	1
261	90	1
261	76	0
261	52	1
261	25	0
261	13	1
261	40	0
261	41	1
261	21	0
262	13	2
262	22	2
262	89	2
262	5	2
262	47	2
262	31	2
262	40	2
262	43	2
262	62	2
262	16	2
263	81	1
263	1	1
263	16	0
263	37	1
263	40	1
263	43	1
263	20	1
263	13	1
263	62	1
263	41	1
264	99	2
264	40	1
264	67	1
264	19	0
264	90	1
264	52	1
264	39	1
264	21	1
264	53	1
264	28	0
265	11	3
265	70	3
265	51	3
265	35	3
265	12	3
265	37	2
265	47	3
265	40	3
265	43	3
265	31	3
266	61	0
266	37	1
266	35	1
266	55	0
266	15	1
266	20	1
266	43	0
266	22	0
266	9	1
266	29	1
267	48	3
267	37	2
267	39	3
267	10	3
267	43	3
267	35	3
267	13	3
267	31	3
267	100	3
267	42	3
268	37	2
268	1	3
268	40	2
268	10	2
268	23	2
268	9	2
268	27	2
268	5	2
268	21	2
268	55	3
269	75	0
269	36	0
269	53	0
269	1	0
269	15	0
269	57	0
269	22	0
269	13	0
269	3	0
269	16	0
270	1	2
270	11	2
270	81	3
270	85	2
270	39	2
270	40	2
270	35	2
270	20	2
270	69	2
270	16	2
271	11	3
271	16	3
271	70	3
271	17	3
271	41	2
271	54	3
271	47	3
271	9	3
271	43	3
271	20	3
272	16	3
272	48	2
272	39	0
272	1	0
272	34	3
272	58	2
272	88	2
272	28	3
272	42	3
272	29	2
273	61	0
273	43	3
273	22	3
273	3	2
273	52	2
273	7	0
273	40	3
273	54	3
273	5	3
273	36	3
274	16	2
274	13	2
274	61	2
274	17	2
274	40	2
274	20	2
274	23	2
274	22	2
274	42	2
274	28	2
275	1	1
275	49	2
275	43	2
275	31	2
275	32	2
275	35	2
275	16	0
275	69	1
275	3	1
275	34	1
276	24	3
276	1	2
276	22	2
276	9	3
276	31	3
276	5	3
276	37	2
276	23	3
276	20	2
276	50	2
277	12	3
277	34	3
277	16	2
277	53	3
277	15	2
277	40	3
277	23	2
277	31	3
277	45	2
277	41	2
278	49	2
278	8	2
278	37	2
278	43	2
278	9	2
278	20	3
278	34	2
278	25	2
278	16	2
278	51	3
279	56	1
279	53	1
279	17	1
279	13	1
279	43	1
279	9	1
279	50	1
279	34	1
279	20	1
279	28	0
280	48	3
280	13	3
280	10	3
280	31	3
280	50	3
280	63	3
280	5	2
280	9	3
280	62	3
280	20	3
281	23	0
281	34	0
281	26	0
281	17	0
281	15	0
281	16	0
281	52	0
281	3	0
281	51	0
281	20	1
282	16	1
282	37	1
282	3	1
282	65	1
282	34	1
282	13	1
282	6	1
282	9	3
282	60	1
282	22	1
283	90	0
283	13	0
283	2	1
283	55	0
283	1	0
283	76	0
283	31	0
283	17	1
283	21	1
283	41	0
284	39	1
284	67	0
284	25	0
284	47	0
284	52	1
284	56	0
284	60	0
284	51	0
284	42	0
284	31	0
285	85	1
285	70	1
285	25	0
285	1	0
285	50	0
285	16	1
285	27	0
285	56	1
285	63	1
285	57	0
286	37	2
286	35	3
286	31	2
286	39	2
286	4	3
286	40	3
286	6	2
286	55	2
286	58	2
286	21	3
287	11	0
287	1	0
287	90	0
287	3	1
287	9	0
287	43	0
287	58	0
287	22	0
287	29	1
287	20	0
288	2	1
288	40	0
288	34	1
288	29	1
288	58	1
288	22	0
288	31	1
288	43	1
288	9	1
288	28	0
289	3	2
289	1	2
289	17	2
289	76	2
289	15	2
289	2	2
289	37	2
289	12	2
289	62	2
289	40	2
290	1	1
290	12	1
290	22	0
290	16	0
290	21	1
290	7	1
290	3	0
290	29	1
290	45	1
290	13	1
291	16	3
291	34	3
291	17	3
291	39	3
291	61	3
291	20	3
291	6	3
291	88	3
291	5	3
291	84	3
292	1	3
292	13	3
292	35	2
292	10	2
292	99	3
292	52	2
292	19	2
292	21	2
292	28	3
292	73	2
293	36	3
293	3	3
293	25	3
293	4	2
293	41	3
293	20	3
293	50	2
293	16	3
293	28	3
293	30	3
294	49	2
294	14	2
294	52	2
294	15	2
294	16	3
294	9	2
294	20	2
294	45	2
294	6	3
294	28	3
295	56	1
295	22	1
295	53	1
295	16	1
295	9	1
295	58	1
295	28	1
295	35	0
295	14	1
295	61	1
296	10	1
296	3	1
296	56	2
296	53	0
296	40	3
296	55	0
296	63	1
296	58	3
296	20	0
296	42	1
297	37	2
297	3	2
297	51	2
297	41	2
297	34	2
297	2	2
297	40	2
297	9	2
297	55	3
297	28	2
298	3	1
298	65	0
298	89	0
298	67	0
298	26	0
298	16	0
298	9	0
298	42	0
298	5	0
298	25	1
299	36	0
299	23	0
299	9	0
299	34	0
299	42	0
299	58	1
299	6	0
299	47	0
299	31	0
299	35	1
300	49	1
300	3	0
300	68	1
300	2	1
300	16	0
300	9	1
300	22	1
300	40	1
300	65	1
300	21	1
301	1	3
301	5	2
301	39	3
301	55	3
301	31	2
301	3	2
301	13	3
301	56	3
301	10	3
301	35	3
302	23	0
302	12	0
302	32	1
302	13	0
302	71	0
302	10	1
302	9	0
302	34	0
302	58	1
302	42	1
303	8	2
303	16	0
303	57	0
303	53	2
303	23	0
303	9	3
303	13	3
303	58	0
303	54	2
303	3	2
304	90	1
304	1	1
304	2	1
304	31	0
304	16	1
304	23	0
304	97	1
304	17	1
304	61	1
304	29	1
305	16	1
305	24	1
305	12	1
305	76	1
305	34	1
305	15	1
305	35	1
305	31	0
305	21	0
305	54	1
306	49	0
306	55	0
306	14	0
306	65	0
306	56	0
306	31	0
306	61	0
306	9	0
306	51	0
306	3	1
307	13	0
307	36	0
307	15	0
307	3	1
307	34	0
307	41	0
307	39	0
307	21	0
307	73	0
307	30	0
308	50	0
308	23	1
308	90	1
308	72	0
308	1	1
308	4	1
308	13	1
308	16	0
308	6	1
308	31	1
309	35	0
309	40	0
309	37	1
309	16	0
309	55	1
309	13	0
309	19	0
309	3	0
309	8	1
309	25	0
310	36	1
310	1	1
310	22	1
310	27	1
310	34	1
310	23	0
310	43	1
310	63	1
310	45	1
310	13	0
311	1	2
311	37	2
311	15	2
311	9	3
311	34	3
311	87	2
311	58	2
311	28	2
311	35	3
311	101	1
312	23	2
312	65	2
312	47	2
312	31	3
312	9	3
312	3	2
312	41	3
312	53	3
312	16	3
312	35	3
313	3	2
313	36	2
313	13	2
313	52	2
313	40	2
313	16	2
313	41	2
313	20	2
313	21	2
313	6	2
314	11	0
314	19	0
314	37	0
314	8	0
314	16	0
314	31	0
314	28	0
314	54	0
314	55	0
314	9	0
315	35	0
315	15	0
315	34	0
315	13	1
315	31	0
315	9	0
315	61	0
315	84	1
315	25	0
315	28	0
316	16	0
316	11	0
316	40	1
316	3	1
316	20	1
316	22	1
316	25	1
316	34	1
316	19	1
316	21	1
317	16	3
317	37	2
317	1	2
317	2	2
317	13	3
317	22	3
317	34	3
317	3	3
317	10	3
317	62	3
318	23	1
318	56	0
318	3	1
318	37	1
318	10	0
318	35	0
318	20	1
318	28	1
318	55	1
318	34	1
319	16	3
319	34	3
319	40	3
319	14	2
319	51	3
319	35	2
319	20	2
319	43	3
319	8	2
319	41	3
320	16	3
320	75	3
320	24	3
320	3	3
320	41	3
320	17	3
320	37	2
320	43	3
320	60	3
320	27	3
321	76	0
321	40	0
321	50	0
321	34	0
321	35	0
321	31	1
321	29	1
321	14	0
321	16	0
321	30	0
322	1	3
322	61	3
322	17	3
322	41	2
322	44	3
322	3	3
322	87	3
322	9	3
322	20	2
322	45	2
323	1	2
323	37	2
323	3	2
323	40	3
323	39	3
323	27	2
323	12	2
323	31	2
323	34	2
323	25	2
324	24	3
324	31	3
324	89	3
324	2	3
324	62	2
324	19	3
324	44	3
324	9	3
324	88	3
324	13	3
325	1	2
325	43	2
325	2	2
325	61	2
325	31	2
325	47	3
325	55	2
325	11	2
325	25	3
325	28	3
326	13	3
326	53	2
326	39	3
326	9	2
326	35	3
326	16	2
326	18	2
326	43	3
326	25	2
326	28	3
327	22	3
327	51	0
327	3	0
327	53	0
327	19	1
327	35	0
327	16	0
327	54	0
327	25	1
327	47	0
328	34	3
328	74	2
328	1	0
328	53	0
328	3	2
328	10	3
328	16	2
328	23	3
328	8	2
328	62	2
329	24	3
329	9	3
329	34	3
329	60	3
329	23	3
329	42	3
329	19	2
329	10	3
329	22	3
329	31	3
330	2	1
330	96	0
330	47	0
330	27	0
330	8	0
330	35	1
330	31	0
330	39	0
330	69	0
330	34	0
331	2	3
331	3	3
331	35	3
331	14	3
331	13	3
331	68	3
331	16	3
331	40	3
331	27	3
331	58	2
332	79	2
332	34	2
332	35	2
332	39	3
332	5	2
332	3	2
332	58	2
332	9	2
332	21	2
332	47	2
333	37	0
333	35	0
333	63	1
333	42	0
333	10	0
333	45	0
333	41	0
333	16	0
333	22	1
333	13	1
334	12	3
334	2	3
334	26	2
334	23	3
334	28	3
334	35	3
334	20	3
334	47	3
334	43	3
334	98	3
335	1	0
335	16	0
335	35	0
335	37	0
335	61	0
335	9	0
335	36	0
335	21	0
335	20	0
335	28	0
336	90	2
336	13	2
336	22	2
336	5	2
336	14	2
336	69	2
336	45	2
336	41	2
336	94	2
336	16	2
337	2	3
337	13	3
337	39	3
337	8	3
337	10	2
337	41	3
337	3	2
337	47	3
337	21	3
337	88	3
338	48	1
338	40	0
338	15	0
338	31	0
338	22	3
338	20	1
338	41	0
338	53	0
338	10	1
338	3	1
339	14	3
339	12	2
339	2	3
339	37	2
339	67	2
339	32	2
339	35	2
339	3	2
339	19	3
339	34	3
340	35	0
340	36	0
340	37	0
340	81	0
340	72	0
340	25	0
340	16	0
340	47	0
340	53	0
340	3	0
341	24	3
341	37	2
341	3	3
341	62	3
341	31	2
341	16	3
341	54	3
341	69	3
341	13	3
341	11	3
342	83	3
342	41	3
342	12	3
342	47	3
342	30	2
342	39	3
342	20	2
342	42	3
342	34	3
342	3	2
343	1	1
343	61	1
343	35	1
343	21	1
343	28	1
343	20	1
343	66	1
343	16	1
343	31	1
343	3	1
344	23	2
344	72	3
344	85	3
344	2	3
344	99	2
344	4	3
344	62	2
344	37	1
344	61	3
344	3	3
345	37	1
345	1	1
345	16	0
345	25	0
345	23	1
345	34	0
345	13	1
345	97	0
345	54	1
345	58	1
346	11	2
346	9	3
346	31	3
346	34	3
346	71	2
346	17	3
346	41	3
346	3	3
346	54	3
346	45	2
347	12	1
347	1	1
347	61	1
347	34	0
347	10	0
347	44	0
347	47	1
347	8	1
347	50	1
347	3	1
348	31	3
348	14	2
348	47	2
348	23	2
348	40	2
348	13	2
348	10	2
348	20	2
348	19	2
348	53	2
349	2	1
349	9	1
349	42	1
349	20	1
349	5	0
349	6	1
349	35	0
349	51	1
349	14	1
349	34	1
350	11	0
350	16	0
350	14	1
350	19	1
350	27	1
350	51	0
350	35	3
350	13	0
350	25	0
350	59	1
351	13	3
351	3	2
351	40	3
351	34	3
351	16	3
351	22	3
351	19	3
351	35	3
351	59	3
351	55	3
352	11	0
352	2	1
352	52	0
352	31	0
352	41	1
352	44	0
352	21	0
352	25	0
352	20	1
352	35	0
353	2	2
353	40	3
353	70	3
353	43	3
353	22	3
353	9	2
353	16	3
353	31	3
353	58	2
353	69	3
354	1	0
354	32	0
354	5	0
354	15	1
354	23	1
354	55	1
354	62	1
354	52	0
354	27	1
354	60	1
355	40	3
355	99	3
355	53	3
355	9	3
355	5	3
355	28	3
355	3	2
355	35	3
355	19	3
355	29	2
356	13	1
356	44	0
356	35	0
356	3	1
356	51	1
356	42	1
356	54	1
356	62	1
356	73	0
356	20	1
357	24	0
357	78	1
357	90	0
357	31	0
357	25	1
357	40	0
357	52	0
357	62	1
357	53	0
357	20	0
358	35	3
358	25	3
358	13	3
358	52	3
358	9	3
358	2	3
358	12	3
358	54	3
358	21	3
358	36	3
359	48	2
359	55	3
359	1	2
359	22	2
359	34	3
359	61	2
359	97	3
359	25	3
359	9	0
359	16	3
360	11	0
360	16	0
360	56	0
360	18	2
360	35	0
360	61	0
360	31	0
360	25	0
360	53	0
360	47	0
361	31	2
361	5	3
361	3	2
361	43	2
361	54	2
361	9	2
361	20	2
361	34	2
361	22	2
361	55	3
362	12	1
362	39	1
362	40	1
362	58	1
362	51	0
362	13	1
362	20	1
362	45	1
362	43	1
362	14	1
363	37	2
363	50	3
363	39	2
363	56	3
363	13	3
363	40	3
363	2	3
363	15	2
363	10	3
363	60	3
364	9	3
364	55	3
364	22	3
364	29	2
364	42	3
364	30	3
364	88	2
364	20	3
364	16	2
364	3	2
365	22	1
365	9	1
365	6	1
365	1	1
365	43	1
365	40	1
365	55	1
365	16	0
365	44	0
365	35	1
366	4	3
366	35	3
366	51	3
366	1	3
366	34	3
366	16	3
366	21	2
366	39	3
366	43	3
366	41	2
367	2	0
367	40	1
367	31	1
367	20	0
367	19	1
367	23	1
367	50	1
367	3	0
367	16	1
367	63	0
368	24	0
368	40	0
368	1	0
368	34	1
368	47	1
368	19	1
368	13	1
368	3	0
368	9	0
368	31	0
369	85	0
369	1	3
369	37	2
369	5	0
369	14	0
369	23	2
369	34	3
369	16	2
369	35	2
369	88	0
370	37	2
370	35	3
370	1	3
370	16	3
370	23	3
370	58	2
370	9	3
370	53	3
370	20	3
370	66	3
371	3	1
371	16	0
371	41	0
371	8	0
371	20	0
371	39	0
371	54	0
371	21	1
371	35	0
371	9	0
372	37	2
372	40	3
372	99	3
372	67	2
372	10	3
372	26	2
372	21	3
372	58	2
372	3	3
372	8	2
373	14	3
373	85	3
373	40	2
373	63	3
373	23	2
373	20	2
373	29	2
373	5	2
373	21	2
373	25	2
374	2	2
374	40	1
374	23	0
374	26	2
374	41	1
374	21	1
374	3	1
374	35	0
374	9	1
374	62	1
375	55	2
375	40	3
375	4	3
375	16	3
375	31	3
375	13	3
375	19	2
375	23	3
375	21	2
375	43	2
376	22	1
376	6	0
376	52	1
376	43	0
376	35	1
376	50	0
376	47	0
376	16	0
376	5	0
376	11	0
377	13	3
377	1	3
377	37	2
377	55	3
377	17	3
377	20	3
377	60	3
377	42	3
377	29	2
377	28	3
378	14	2
378	50	2
378	17	3
378	13	2
378	23	2
378	9	2
378	6	2
378	41	3
378	29	2
378	43	2
379	90	3
379	99	3
379	89	3
379	6	3
379	43	3
379	20	2
379	35	3
379	21	3
379	12	3
379	28	3
380	13	0
380	37	0
380	43	0
380	56	0
380	1	0
380	41	0
380	21	0
380	3	1
380	63	0
380	9	0
381	16	3
381	23	3
381	39	2
381	19	3
381	69	3
381	20	2
381	34	3
381	58	2
381	3	1
381	82	3
382	56	2
382	40	3
382	13	3
382	23	3
382	2	3
382	19	2
382	20	2
382	28	3
382	21	3
382	9	3
383	48	0
383	79	1
383	39	0
383	1	1
383	40	1
383	47	1
383	10	0
383	34	1
383	44	0
383	102	1
384	34	2
384	50	3
384	3	3
384	13	3
384	61	2
384	63	3
384	9	2
384	28	3
384	41	2
384	94	3
385	78	3
385	37	2
385	36	3
385	56	2
385	14	2
385	15	2
385	17	3
385	41	2
385	21	3
385	16	3
386	11	2
386	12	3
386	24	3
386	43	3
386	39	2
386	15	2
386	60	2
386	50	2
386	29	1
386	9	3
387	40	1
387	10	1
387	23	1
387	47	1
387	27	1
387	12	1
387	54	1
387	16	0
387	20	1
387	3	1
388	1	1
388	40	1
388	4	1
388	51	1
388	16	0
388	14	0
388	6	1
388	2	1
388	50	1
388	41	1
389	40	2
389	7	2
389	16	2
389	28	2
389	10	2
389	21	2
389	9	2
389	6	2
389	20	2
389	34	2
390	25	2
390	47	2
390	39	3
390	43	2
390	41	3
390	34	2
390	9	3
390	35	2
390	20	2
390	53	3
391	12	3
391	10	3
391	61	2
391	41	3
391	17	2
391	42	3
391	20	3
391	9	3
391	103	3
391	35	3
392	24	0
392	40	0
392	47	1
392	34	0
392	19	1
392	91	0
392	54	0
392	7	1
392	72	1
392	25	1
393	2	1
393	70	1
393	35	1
393	37	0
393	39	0
393	31	0
393	27	0
393	3	1
393	16	0
393	7	0
394	49	3
394	96	3
394	31	3
394	40	3
394	34	3
394	17	3
394	15	3
394	13	3
394	2	2
394	5	3
395	48	1
395	11	1
395	85	1
395	36	1
395	51	1
395	39	1
395	53	1
395	3	0
395	31	1
395	13	1
396	12	0
396	17	1
396	25	0
396	16	0
396	34	0
396	41	0
396	58	0
396	63	0
396	73	0
396	42	1
397	8	2
397	15	2
397	3	2
397	41	3
397	9	3
397	63	2
397	26	2
397	13	3
397	35	3
397	44	3
398	1	1
398	10	0
398	13	1
398	47	1
398	35	0
398	25	1
398	40	1
398	91	0
398	53	0
398	51	1
399	72	0
399	39	0
399	61	0
399	27	0
399	34	0
399	23	0
399	20	0
399	58	0
399	12	0
399	50	1
400	37	2
400	36	2
400	44	2
400	35	2
400	60	2
400	3	2
400	6	2
400	10	2
400	31	3
400	43	2
401	104	3
401	17	3
401	52	3
401	40	3
401	3	2
401	22	3
401	23	3
401	16	3
401	41	2
401	34	3
402	15	1
402	1	1
402	9	1
402	2	1
402	18	2
402	13	1
402	41	1
402	55	1
402	30	1
402	10	0
403	13	0
403	35	1
403	16	0
403	1	1
403	22	0
403	40	1
403	56	1
403	61	1
403	3	1
403	43	1
404	74	3
404	90	3
404	13	3
404	76	3
404	56	3
404	35	3
404	28	3
404	20	3
404	54	3
404	22	3
405	40	2
405	13	2
405	9	2
405	16	2
405	43	2
405	7	0
405	23	2
405	41	2
405	35	0
405	58	2
406	70	0
406	22	1
406	16	0
406	26	0
406	61	1
406	34	1
406	2	1
406	13	1
406	50	1
406	35	0
407	34	0
407	2	0
407	85	0
407	56	0
407	63	0
407	9	0
407	50	0
407	31	0
407	29	1
407	66	0
408	11	1
408	36	1
408	79	1
408	35	0
408	56	1
408	55	1
408	37	1
408	53	0
408	43	1
408	13	1
409	16	0
409	10	0
409	43	0
409	15	0
409	17	0
409	35	1
409	56	0
409	34	1
409	39	1
409	47	0
410	13	0
410	90	0
410	34	0
410	53	0
410	56	0
410	41	0
410	43	0
410	31	1
410	35	0
410	16	0
411	11	0
411	10	0
411	3	1
411	62	1
411	25	0
411	58	0
411	13	0
411	66	1
411	42	1
411	19	1
412	48	3
412	13	3
412	23	3
412	28	3
412	45	2
412	35	3
412	69	3
412	50	3
412	20	3
412	3	2
413	1	3
413	12	3
413	3	2
413	31	3
413	21	2
413	25	3
413	50	3
413	16	3
413	30	2
413	28	3
414	13	3
414	85	2
414	40	3
414	56	3
414	47	3
414	23	3
414	17	3
414	43	3
414	21	2
414	28	2
415	31	3
415	1	2
415	62	2
415	58	2
415	69	2
415	22	2
415	41	2
415	63	2
415	35	2
415	6	2
416	3	2
416	53	2
416	34	3
416	35	3
416	61	3
416	47	3
416	46	3
416	21	3
416	58	2
416	5	2
417	40	1
417	35	0
417	26	3
417	43	1
417	20	1
417	31	1
417	55	1
417	16	0
417	34	1
417	28	0
418	34	3
418	14	3
418	55	2
418	3	3
418	17	3
418	23	3
418	50	2
418	58	2
418	53	3
418	61	2
419	35	3
419	49	3
419	43	3
419	1	3
419	69	3
419	54	3
419	44	3
419	34	3
419	21	3
419	9	3
420	70	0
420	10	0
420	37	1
420	17	0
420	34	1
420	13	1
420	20	1
420	9	1
420	63	1
420	50	1
421	12	3
421	15	3
421	25	3
421	43	3
421	71	3
421	6	3
421	41	3
421	42	3
421	34	2
421	22	3
422	48	3
422	74	2
422	4	3
422	15	3
422	56	3
422	22	3
422	20	3
422	5	3
422	63	3
422	43	3
423	2	0
423	65	0
423	90	0
423	16	1
423	17	0
423	56	0
423	23	0
423	60	0
423	53	0
423	13	0
424	50	1
424	10	0
424	27	1
424	9	1
424	35	1
424	20	1
424	21	1
424	16	0
424	14	0
424	11	0
425	56	2
425	99	2
425	16	2
425	37	2
425	2	3
425	35	2
425	3	2
425	31	2
425	12	2
425	34	2
426	35	0
426	40	1
426	1	1
426	37	1
426	9	1
426	54	0
426	34	1
426	58	1
426	13	0
426	28	0
427	10	3
427	67	2
427	15	3
427	3	2
427	2	3
427	22	3
427	13	3
427	34	3
427	21	3
427	42	3
428	72	1
428	80	0
428	1	0
428	3	1
428	41	0
428	34	0
428	27	0
428	61	0
428	17	0
428	5	1
429	11	2
429	13	2
429	20	2
429	23	2
429	9	3
429	22	2
429	25	2
429	43	2
429	10	2
429	28	2
430	83	2
430	31	2
430	2	3
430	20	3
430	56	2
430	61	2
430	23	2
430	29	2
430	8	2
430	22	2
431	70	3
431	77	3
431	65	2
431	43	3
431	27	3
431	56	2
431	35	3
431	26	2
431	7	3
431	6	3
432	24	2
432	16	2
432	2	3
432	20	2
432	29	2
432	34	2
432	53	2
432	14	2
432	31	2
432	22	2
433	25	1
433	1	0
433	52	1
433	15	0
433	43	0
433	16	0
433	9	0
433	5	0
433	58	1
433	28	1
434	77	1
434	52	0
434	22	0
434	34	0
434	30	1
434	35	0
434	47	1
434	11	0
434	25	0
434	31	0
435	4	0
435	2	0
435	7	0
435	105	0
435	12	0
435	72	0
435	20	0
435	62	0
435	27	0
435	94	0
436	2	3
436	70	3
436	37	2
436	61	3
436	4	3
436	3	2
436	22	3
436	16	3
436	7	3
436	20	2
437	32	3
437	16	3
437	13	3
437	31	2
437	43	3
437	8	2
437	9	3
437	20	2
437	30	2
437	53	3
438	13	3
438	10	3
438	50	3
438	22	3
438	5	3
438	20	3
438	47	3
438	29	2
438	58	2
438	54	3
439	4	1
439	85	0
439	33	0
439	55	1
439	51	0
439	61	1
439	10	0
439	41	1
439	13	1
439	54	1
440	13	3
440	25	0
440	15	0
440	21	1
440	65	0
440	5	0
440	20	1
440	58	1
440	106	0
440	66	1
441	2	2
441	25	3
441	37	2
441	17	3
441	9	2
441	47	3
441	73	0
441	35	3
441	30	3
441	29	2
442	19	2
442	26	2
442	91	3
442	3	2
442	9	2
442	20	3
442	43	3
442	34	3
442	28	3
442	82	3
443	24	0
443	39	0
443	56	0
443	31	1
443	47	0
443	16	1
443	13	0
443	12	0
443	55	1
443	40	0
444	10	0
444	4	1
444	40	1
444	2	1
444	23	1
444	41	1
444	66	1
444	51	1
444	21	1
444	31	0
445	1	1
445	10	0
445	43	0
445	3	3
445	37	1
445	45	0
445	13	1
445	20	0
445	16	0
445	25	0
446	55	3
446	56	3
446	8	3
446	23	3
446	9	3
446	13	3
446	34	3
446	20	3
446	21	3
446	43	3
447	43	2
447	62	2
447	45	0
447	5	0
447	73	0
447	19	0
447	10	0
447	25	1
447	84	0
447	35	1
448	50	2
448	1	3
448	37	2
448	3	2
448	35	2
448	13	3
448	43	2
448	58	2
448	17	2
448	20	2
449	2	3
449	37	2
449	12	3
449	35	3
449	57	2
449	23	3
449	46	3
449	41	3
449	20	3
449	5	3
450	2	3
450	40	3
450	12	3
450	25	2
450	32	3
450	13	3
450	10	3
450	41	3
450	52	3
450	35	3
451	1	3
451	16	3
451	37	2
451	62	3
451	31	3
451	35	3
451	43	3
451	36	3
451	94	3
451	13	3
452	2	2
452	1	2
452	56	2
452	31	2
452	16	2
452	37	2
452	9	2
452	28	2
452	29	0
452	25	2
453	2	3
453	12	3
453	70	3
453	13	3
453	5	3
453	55	3
453	43	3
453	20	3
453	7	2
453	47	3
454	13	3
454	3	2
454	39	3
454	22	2
454	20	2
454	9	2
454	16	3
454	18	0
454	40	3
454	47	3
455	13	2
455	15	2
455	27	2
455	20	2
455	37	2
455	3	2
455	47	2
455	16	2
455	29	1
455	22	2
456	1	2
456	40	2
456	4	2
456	61	2
456	8	2
456	15	2
456	60	2
456	54	2
456	21	2
456	34	2
457	77	2
457	13	2
457	39	1
457	37	2
457	40	2
457	54	2
457	16	2
457	53	1
457	69	2
457	45	0
458	40	0
458	12	0
458	3	0
458	43	0
458	34	0
458	60	0
458	9	0
458	10	0
458	6	0
458	42	0
459	12	2
459	1	2
459	55	2
459	56	2
459	6	2
459	13	3
459	15	2
459	34	3
459	23	2
459	22	2
460	3	1
460	53	1
460	16	0
460	19	1
460	52	0
460	45	1
460	11	1
460	28	1
460	50	1
460	9	1
461	50	2
461	39	2
461	35	2
461	22	2
461	17	3
461	8	2
461	54	2
461	53	3
461	3	2
461	43	2
462	4	3
462	14	2
462	9	3
462	6	3
462	17	3
462	39	3
462	60	3
462	34	3
462	63	3
462	54	3
463	11	0
463	43	0
463	35	0
463	41	1
463	40	1
463	54	0
463	55	1
463	61	1
463	23	0
463	31	0
464	36	2
464	3	2
464	81	2
464	65	2
464	31	2
464	16	2
464	2	2
464	13	2
464	50	2
464	43	2
465	12	3
465	16	3
465	47	3
465	13	3
465	43	3
465	28	3
465	3	2
465	34	3
465	41	3
465	22	3
466	14	1
466	22	3
466	4	0
466	39	0
466	56	1
466	40	0
466	86	0
466	23	0
466	12	0
466	20	0
467	4	2
467	85	2
467	53	3
467	3	2
467	43	2
467	13	2
467	69	2
467	17	2
467	20	2
467	34	2
468	10	3
468	4	3
468	56	2
468	14	2
468	23	3
468	58	2
468	39	2
468	20	2
468	41	3
468	42	3
469	14	1
469	63	1
469	39	1
469	47	1
469	53	1
469	9	1
469	21	1
469	13	1
469	12	1
469	29	1
470	85	0
470	12	3
470	55	3
470	47	3
470	3	2
470	17	3
470	39	3
470	7	0
470	61	2
470	29	2
471	36	1
471	41	1
471	10	0
471	60	1
471	55	1
471	22	0
471	58	0
471	43	1
471	28	0
471	53	0
472	16	1
472	13	1
472	35	1
472	3	1
472	21	1
472	53	0
472	9	1
472	39	1
472	20	1
472	43	1
473	13	1
473	8	1
473	55	1
473	40	1
473	37	1
473	22	0
473	43	1
473	20	1
473	36	1
473	59	1
474	35	0
474	12	1
474	50	1
474	47	1
474	37	1
474	34	1
474	9	1
474	42	1
474	28	0
474	16	0
475	13	1
475	90	0
475	40	0
475	41	0
475	23	0
475	34	0
475	39	0
475	51	0
475	63	1
475	21	1
476	65	1
476	3	0
476	27	0
476	20	0
476	41	0
476	22	1
476	42	0
476	29	1
476	12	0
476	36	1
477	1	1
477	13	0
477	9	0
477	17	0
477	29	1
477	27	0
477	43	0
477	41	0
477	20	0
477	66	1
478	43	3
478	15	2
478	26	0
478	27	2
478	28	3
478	9	2
478	47	3
478	58	2
478	42	3
478	34	3
479	1	3
479	32	3
479	65	2
479	31	3
479	3	3
479	22	3
479	17	3
479	23	3
479	20	3
479	35	3
480	37	1
480	13	1
480	25	0
480	20	1
480	43	0
480	23	0
480	45	0
480	3	1
480	16	0
480	9	0
481	55	1
481	40	1
481	9	1
481	7	1
481	3	1
481	50	1
481	25	1
481	13	1
481	20	1
481	42	1
482	35	2
482	39	3
482	1	3
482	16	3
482	10	2
482	40	2
482	5	2
482	54	3
482	88	3
482	43	3
483	16	3
483	15	2
483	13	3
483	35	3
483	57	3
483	43	3
483	31	2
483	8	3
483	23	3
483	39	3
484	34	3
484	19	0
484	35	3
484	14	0
484	88	0
484	28	3
484	55	2
484	16	2
484	20	3
484	26	0
485	35	2
485	19	2
485	50	2
485	65	2
485	53	2
485	14	2
485	11	2
485	22	2
485	58	2
485	31	2
486	90	2
486	70	2
486	52	2
486	47	2
486	10	3
486	35	2
486	3	2
486	60	2
486	55	2
486	31	2
487	41	3
487	3	2
487	22	2
487	95	3
487	57	3
487	35	3
487	9	3
487	43	3
487	31	3
487	25	3
488	56	1
488	37	0
488	50	0
488	36	0
488	13	0
488	15	0
488	5	0
488	39	0
488	45	0
488	23	0
489	13	3
489	80	2
489	31	2
489	1	3
489	56	2
489	50	2
489	47	2
489	63	2
489	39	2
489	41	2
490	58	2
490	22	3
490	39	3
490	20	2
490	43	3
490	53	2
490	21	3
490	41	3
490	35	3
490	31	2
491	11	2
491	14	3
491	61	3
491	22	3
491	15	3
491	7	2
491	43	3
491	60	3
491	9	2
491	31	3
492	13	2
492	3	2
492	22	2
492	21	2
492	11	2
492	50	2
492	31	2
492	94	2
492	84	2
492	55	3
493	37	0
493	70	0
493	10	0
493	40	1
493	61	1
493	47	1
493	36	1
493	62	0
493	17	0
493	3	1
494	40	3
494	6	3
494	44	3
494	28	3
494	35	3
494	20	2
494	45	2
494	102	3
494	31	2
494	10	3
495	11	3
495	15	2
495	34	2
495	41	2
495	5	2
495	60	2
495	25	2
495	31	2
495	45	2
495	61	2
496	49	0
496	2	1
496	35	0
496	17	1
496	31	0
496	16	0
496	9	1
496	43	1
496	28	0
496	69	1
497	4	3
497	1	3
497	5	2
497	53	2
497	55	2
497	23	3
497	54	3
497	43	2
497	35	3
497	21	2
498	35	3
498	27	2
498	34	2
498	40	2
498	53	3
498	22	2
498	3	2
498	28	3
498	42	3
498	25	3
499	11	3
499	39	3
499	35	3
499	13	3
499	17	3
499	20	3
499	50	3
499	23	2
499	9	3
499	29	2
500	13	2
500	14	2
500	5	2
500	39	2
500	9	2
500	21	2
500	59	2
500	22	2
500	28	2
500	11	2
501	77	0
501	40	0
501	13	0
501	56	0
501	15	0
501	50	0
501	27	0
501	3	0
501	20	0
501	34	0
502	16	2
502	13	2
502	35	2
502	3	2
502	23	2
502	19	2
502	53	3
502	9	2
502	6	2
502	30	2
503	56	2
503	89	3
503	39	3
503	37	2
503	19	3
503	35	3
503	16	3
503	17	3
503	63	3
503	97	3
504	11	1
504	99	2
504	34	0
504	51	0
504	47	0
504	31	1
504	52	1
504	5	0
504	37	0
504	21	1
505	12	1
505	39	1
505	40	1
505	96	1
505	32	1
505	52	1
505	1	1
505	17	1
505	20	1
505	60	1
506	4	1
506	20	1
506	43	1
506	30	1
506	5	0
506	3	1
506	11	0
506	9	1
506	31	0
506	26	0
507	34	2
507	16	2
507	35	2
507	14	2
507	8	2
507	51	2
507	54	2
507	3	3
507	55	2
507	43	2
508	43	2
508	40	3
508	95	3
508	34	3
508	35	3
508	53	3
508	58	2
508	16	3
508	22	2
508	25	3
509	51	3
509	61	3
509	50	3
509	3	2
509	16	2
509	39	3
509	9	3
509	21	3
509	35	3
509	20	3
510	12	3
510	36	3
510	70	3
510	24	3
510	31	3
510	15	3
510	95	3
510	16	3
510	41	3
510	44	3
511	60	0
511	47	0
511	102	0
511	29	1
511	3	2
511	14	1
511	21	0
511	5	0
511	16	0
511	28	0
512	55	1
512	40	1
512	35	1
512	3	1
512	45	1
512	5	0
512	88	1
512	66	0
512	94	1
512	34	1
513	40	0
513	31	0
513	20	0
513	43	0
513	3	0
513	28	0
513	10	0
513	63	0
513	22	1
513	25	0
514	13	2
514	43	2
514	89	2
514	76	0
514	71	2
514	35	2
514	57	2
514	9	2
514	34	2
514	47	2
515	11	0
515	22	1
515	13	2
515	9	1
515	3	1
515	94	0
515	53	1
515	19	1
515	16	0
515	51	1
516	31	2
516	39	2
516	5	3
516	20	2
516	12	2
516	73	2
516	66	3
516	21	0
516	28	3
516	13	3
517	12	3
517	70	3
517	27	3
517	26	2
517	17	3
517	16	2
517	35	2
517	8	3
517	43	3
517	20	3
518	11	2
518	2	3
518	65	2
518	1	2
518	16	3
518	31	2
518	13	3
518	53	3
518	9	2
518	19	3
519	76	2
519	35	2
519	13	2
519	31	2
519	23	2
519	58	2
519	16	2
519	29	2
519	55	2
519	43	2
520	16	0
520	26	0
520	41	0
520	34	0
520	21	0
520	31	0
520	35	0
520	9	0
520	73	0
520	43	0
521	50	1
521	31	1
521	56	1
521	35	0
521	23	1
521	15	1
521	43	2
521	6	1
521	8	1
521	59	0
522	14	0
522	27	2
522	52	3
522	26	0
522	23	2
522	12	3
522	43	2
522	29	2
522	35	3
522	66	0
523	49	0
523	2	1
523	23	0
523	58	0
523	37	0
523	10	1
523	51	0
523	20	0
523	30	0
523	63	0
524	1	2
524	14	2
524	40	3
524	69	2
524	21	2
524	30	2
524	10	2
524	66	2
524	35	2
524	54	2
525	1	1
525	3	0
525	53	1
525	56	0
525	13	1
525	40	1
525	19	1
525	60	1
525	31	0
525	65	1
526	49	0
526	67	0
526	39	0
526	31	0
526	25	0
526	35	1
526	3	0
526	9	0
526	73	0
526	53	0
527	25	3
527	3	3
527	56	3
527	13	3
527	45	2
527	8	2
527	5	3
527	20	3
527	69	3
527	28	3
528	12	3
528	81	3
528	10	3
528	61	3
528	3	2
528	44	3
528	13	3
528	9	2
528	73	3
528	41	3
529	1	3
529	40	2
529	31	3
529	10	2
529	53	2
529	17	3
529	20	3
529	55	3
529	97	2
529	43	2
530	13	3
530	1	3
530	37	2
530	16	3
530	53	3
530	15	3
530	55	3
530	3	2
530	9	3
530	22	3
531	12	3
531	76	3
531	41	2
531	23	3
531	29	2
531	19	3
531	47	3
531	20	3
531	27	3
531	45	3
532	2	2
532	67	2
532	14	2
532	23	3
532	21	3
532	26	2
532	5	3
532	35	3
532	27	3
532	69	3
533	10	3
533	37	2
533	16	3
533	47	3
533	53	2
533	34	3
533	3	2
533	57	3
533	5	3
533	13	3
534	11	0
534	47	0
534	72	0
534	61	0
534	31	0
534	56	0
534	7	0
534	91	1
534	9	0
534	3	0
535	40	3
535	43	2
535	55	2
535	5	3
535	34	3
535	35	3
535	7	0
535	44	3
535	6	3
535	50	2
536	50	1
536	56	1
536	20	1
536	47	1
536	36	1
536	16	0
536	3	1
536	19	1
536	14	0
536	25	1
537	12	3
537	76	3
537	47	3
537	2	3
537	20	3
537	23	2
537	36	3
537	9	3
537	66	2
537	30	2
538	2	3
538	13	3
538	61	2
538	60	3
538	50	2
538	54	3
538	31	2
538	47	3
538	9	3
538	58	2
539	3	1
539	55	1
539	8	1
539	31	1
539	23	1
539	2	1
539	43	1
539	21	0
539	45	1
539	47	1
540	3	2
540	31	2
540	39	3
540	40	3
540	52	3
540	15	2
540	56	2
540	9	3
540	12	3
540	46	2
541	4	2
541	3	2
541	40	2
541	8	2
541	35	2
541	15	2
541	57	3
541	21	3
541	13	2
541	43	2
542	16	3
542	37	2
542	35	3
542	9	2
542	51	2
542	28	2
542	54	2
542	22	2
542	61	2
542	19	2
543	16	0
543	40	0
543	55	0
543	50	0
543	41	0
543	20	0
543	7	0
543	54	0
543	9	0
543	5	1
544	16	0
544	40	0
544	2	0
544	13	0
544	5	1
544	43	0
544	35	1
544	9	0
544	59	0
544	3	0
545	40	1
545	53	1
545	9	1
545	58	1
545	42	0
545	69	1
545	45	1
545	22	0
545	41	1
545	34	0
546	13	3
546	2	3
546	12	2
546	56	2
546	8	2
546	54	2
546	3	2
546	16	3
546	25	2
546	21	2
547	12	3
547	31	2
547	16	3
547	13	3
547	58	2
547	6	3
547	44	3
547	29	2
547	35	3
547	20	2
548	47	3
548	13	3
548	53	3
548	9	3
548	63	3
548	27	3
548	28	3
548	35	3
548	21	3
548	25	3
549	13	2
549	10	3
549	37	2
549	35	2
549	58	2
549	23	3
549	31	3
549	43	2
549	22	2
549	41	2
550	9	2
550	3	2
550	47	2
550	13	2
550	35	0
550	61	2
550	39	2
550	23	0
550	14	0
550	40	2
551	37	0
551	10	0
551	13	0
551	8	0
551	27	0
551	23	0
551	31	1
551	9	1
551	42	1
551	5	0
552	1	1
552	39	0
552	22	0
552	16	1
552	9	0
552	23	0
552	31	0
552	55	0
552	12	1
552	45	0
553	43	2
553	99	2
553	1	2
553	2	3
553	50	2
553	5	2
553	44	2
553	28	2
553	54	2
553	61	2
554	16	2
554	3	2
554	22	2
554	52	2
554	60	2
554	34	2
554	37	2
554	10	2
554	51	2
554	14	2
555	36	2
555	40	2
555	1	2
555	63	2
555	34	2
555	35	3
555	23	2
555	20	2
555	22	2
555	16	2
556	35	0
556	13	2
556	1	2
556	5	2
556	25	2
556	20	2
556	17	2
556	19	2
556	66	2
556	39	2
557	31	3
557	67	2
557	65	2
557	9	3
557	17	3
557	21	3
557	35	3
557	20	3
557	22	3
557	5	2
558	43	3
558	25	3
558	37	2
558	17	3
558	22	3
558	19	3
558	13	3
558	5	3
558	12	3
558	54	3
559	50	1
559	76	1
559	25	1
559	41	1
559	27	1
559	65	1
559	69	1
559	73	0
559	22	1
559	20	1
560	2	1
560	12	0
560	16	1
560	53	0
560	35	1
560	65	1
560	26	1
560	13	1
560	58	2
560	60	0
561	2	0
561	55	1
561	35	0
561	8	0
561	17	0
561	56	1
561	19	1
561	20	1
561	39	1
561	13	1
562	48	1
562	37	1
562	4	1
562	1	0
562	16	0
562	43	1
562	22	0
562	21	1
562	40	0
562	13	1
563	1	0
563	16	0
563	34	0
563	47	0
563	6	0
563	61	0
563	10	0
563	45	0
563	14	0
563	25	0
564	76	3
564	16	2
564	35	3
564	31	3
564	58	2
564	41	3
564	43	3
564	5	3
564	29	2
564	25	3
565	50	3
565	34	3
565	16	3
565	40	3
565	13	3
565	35	3
565	9	2
565	28	3
565	31	2
565	6	3
566	2	2
566	20	2
566	3	2
566	54	2
566	60	2
566	23	2
566	62	2
566	8	2
566	43	3
566	42	2
567	56	1
567	39	1
567	21	1
567	60	1
567	55	1
567	20	1
567	34	0
567	9	1
567	13	1
567	58	1
568	14	2
568	1	3
568	89	3
568	40	3
568	56	2
568	20	3
568	43	3
568	54	3
568	63	3
568	61	3
569	22	2
569	55	0
569	9	2
569	34	2
569	60	2
569	43	0
569	65	2
569	35	2
569	10	2
569	20	2
570	4	2
570	43	3
570	34	3
570	28	2
570	47	3
570	59	3
570	42	3
570	107	2
570	9	2
570	73	2
571	3	2
571	31	2
571	34	2
571	58	1
571	21	2
571	50	2
571	69	2
571	55	2
571	94	2
571	63	2
572	10	0
572	31	1
572	56	0
572	40	1
572	13	0
572	26	2
572	22	0
572	15	1
572	3	0
572	43	1
573	40	3
573	43	2
573	15	3
573	62	3
573	25	3
573	16	2
573	41	0
573	59	3
573	5	3
573	11	3
574	1	0
574	56	0
574	27	0
574	21	1
574	30	0
574	14	0
574	43	0
574	20	0
574	28	0
574	25	0
575	16	3
575	37	2
575	56	3
575	10	3
575	40	3
575	23	3
575	44	3
575	35	3
575	12	3
575	20	2
576	76	0
576	56	0
576	34	0
576	23	0
576	65	0
576	8	0
576	9	0
576	41	0
576	37	0
576	10	0
577	81	2
577	56	2
577	9	2
577	50	2
577	2	2
577	37	2
577	10	2
577	7	2
577	28	2
577	31	2
578	56	3
578	15	3
578	31	3
578	23	3
578	35	3
578	28	3
578	43	3
578	8	2
578	42	3
578	30	2
579	12	2
579	1	2
579	17	2
579	53	2
579	7	2
579	9	2
579	20	2
579	13	2
579	25	2
579	51	2
580	1	2
580	12	3
580	80	3
580	15	3
580	51	3
580	22	3
580	27	3
580	31	3
580	44	3
580	3	3
581	1	2
581	37	2
581	56	3
581	39	2
581	41	3
581	47	2
581	43	2
581	19	2
581	63	2
581	13	2
582	3	1
582	8	1
582	76	1
582	13	1
582	39	1
582	23	1
582	43	1
582	10	1
582	51	1
582	16	1
583	4	3
583	10	3
583	50	3
583	40	3
583	55	3
583	39	2
583	31	2
583	34	3
583	22	2
583	30	2
584	12	3
584	77	3
584	16	3
584	40	3
584	7	3
584	61	2
584	43	3
584	22	3
584	20	3
584	41	2
585	40	3
585	37	2
585	56	3
585	5	3
585	15	2
585	8	3
585	35	3
585	17	3
585	41	2
585	29	2
586	40	0
586	25	0
586	35	0
586	29	1
586	18	0
586	23	0
586	9	0
586	12	1
586	22	0
586	58	1
587	37	1
587	79	1
587	6	1
587	13	0
587	58	2
587	41	1
587	9	1
587	42	1
587	35	0
587	43	1
588	61	0
588	35	0
588	25	0
588	23	0
588	21	1
588	28	0
588	8	0
588	20	1
588	43	1
588	24	0
589	32	1
589	55	1
589	16	0
589	41	1
589	34	1
589	39	1
589	50	1
589	31	0
589	35	2
589	21	1
590	76	0
590	1	0
590	56	0
590	16	0
590	15	0
590	3	1
590	60	0
590	20	0
590	12	0
590	13	1
591	3	0
591	13	1
591	6	1
591	45	1
591	31	1
591	22	1
591	73	1
591	53	1
591	16	1
591	11	1
592	12	2
592	56	2
592	15	2
592	43	2
592	16	2
592	20	2
592	31	2
592	50	2
592	9	2
592	58	2
593	80	1
593	1	1
593	37	1
593	39	1
593	15	1
593	41	1
593	3	1
593	53	1
593	9	1
593	22	1
594	16	1
594	10	1
594	1	0
594	22	0
594	7	0
594	60	1
594	55	0
594	29	0
594	3	1
594	63	0
595	32	3
595	1	3
595	50	2
595	35	3
595	20	2
595	13	3
595	12	3
595	58	2
595	21	0
595	59	2
596	56	0
596	16	0
596	17	0
596	13	0
596	23	0
596	51	0
596	53	1
596	39	1
596	5	0
596	31	0
597	16	2
597	77	2
597	13	2
597	22	2
597	21	2
597	53	2
597	63	2
597	27	2
597	31	3
597	43	2
598	8	2
598	71	2
598	50	2
598	23	3
598	5	3
598	13	2
598	20	2
598	31	2
598	9	2
598	54	2
599	16	0
599	4	0
599	76	2
599	31	1
599	60	0
599	41	0
599	58	1
599	61	1
599	34	0
599	13	1
600	4	1
600	39	1
600	41	1
600	16	0
600	11	0
600	61	0
600	34	1
600	29	1
600	22	0
600	28	0
601	39	1
601	6	1
601	9	2
601	53	1
601	37	1
601	21	0
601	20	1
601	22	1
601	47	1
601	84	0
602	49	2
602	1	2
602	80	2
602	56	2
602	13	2
602	3	2
602	17	2
602	20	2
602	10	2
602	11	2
603	49	3
603	2	2
603	22	3
603	35	2
603	31	3
603	9	3
603	21	3
603	3	2
603	58	2
603	11	3
604	80	2
604	16	2
604	47	3
604	35	2
604	34	3
604	55	2
604	13	3
604	28	3
604	5	3
604	3	2
605	15	2
605	35	3
605	3	2
605	43	2
605	40	3
605	22	3
605	42	3
605	61	3
605	25	2
605	29	2
606	90	1
606	3	1
606	31	1
606	54	1
606	35	0
606	16	0
606	6	1
606	47	1
606	36	1
606	25	1
607	12	1
607	25	1
607	17	1
607	9	1
607	7	1
607	20	1
607	8	1
607	55	1
607	41	1
607	54	1
608	40	1
608	31	1
608	43	1
608	35	0
608	15	1
608	13	1
608	9	1
608	6	1
608	63	1
608	10	1
609	35	0
609	16	0
609	34	0
609	43	0
609	12	0
609	22	0
609	3	1
609	58	1
609	47	0
609	9	0
610	61	1
610	39	1
610	20	1
610	13	1
610	3	1
610	66	1
610	14	1
610	16	0
610	45	1
610	28	0
611	1	3
611	11	3
611	43	3
611	56	3
611	37	2
611	34	3
611	13	3
611	22	3
611	17	3
611	21	3
612	56	1
612	67	0
612	52	0
612	44	0
612	21	0
612	40	0
612	45	0
612	13	0
612	9	0
612	73	0
613	4	0
613	43	1
613	31	0
613	40	0
613	41	0
613	108	0
613	63	0
613	61	0
613	22	0
613	39	0
614	35	2
614	2	2
614	13	2
614	34	2
614	65	2
614	29	1
614	21	2
614	30	3
614	61	2
614	3	2
615	1	0
615	37	0
615	8	1
615	62	1
615	42	1
615	13	1
615	43	0
615	36	0
615	47	0
615	34	0
616	13	0
616	8	0
616	37	0
616	15	0
616	16	1
616	53	0
616	47	0
616	20	0
616	66	0
616	28	0
617	1	3
617	31	3
617	34	3
617	39	2
617	58	2
617	19	3
617	10	3
617	35	3
617	21	2
617	43	3
618	3	0
618	15	1
618	56	1
618	44	0
618	19	0
618	60	1
618	50	1
618	55	1
618	20	1
618	13	1
619	43	1
619	53	0
619	51	1
619	21	1
619	12	1
619	3	1
619	31	0
619	55	1
619	5	1
619	20	1
620	48	1
620	12	1
620	4	1
620	47	1
620	13	1
620	16	0
620	37	1
620	54	1
620	43	1
620	51	1
621	50	0
621	54	0
621	23	0
621	21	0
621	31	0
621	41	0
621	30	0
621	3	0
621	59	0
621	35	1
622	25	2
622	20	2
622	41	2
622	51	2
622	14	0
622	3	2
622	59	2
622	34	2
622	16	2
622	9	3
623	36	0
623	3	1
623	23	0
623	5	0
623	13	1
623	9	1
623	28	0
623	55	1
623	16	0
623	25	0
624	37	1
624	4	1
624	40	1
624	31	1
624	35	1
624	28	1
624	57	1
624	41	1
624	22	0
624	42	1
625	1	2
625	3	2
625	16	2
625	15	2
625	9	2
625	29	2
625	43	2
625	36	2
625	31	2
625	34	2
626	16	3
626	23	3
626	43	3
626	22	3
626	58	2
626	31	3
626	21	3
626	30	2
626	34	3
626	29	2
627	35	2
627	43	2
627	16	2
627	40	2
627	2	3
627	60	2
627	3	2
627	9	3
627	5	2
627	12	3
628	1	0
628	16	0
628	20	0
628	34	0
628	13	1
628	35	0
628	66	0
628	53	0
628	29	1
628	8	0
629	31	2
629	3	2
629	41	3
629	43	3
629	16	2
629	62	2
629	58	2
629	53	3
629	47	2
629	5	2
630	3	2
630	35	3
630	14	2
630	13	3
630	31	3
630	34	3
630	61	2
630	15	2
630	43	3
630	73	2
631	16	2
631	13	2
631	22	2
631	27	2
631	35	0
631	11	2
631	59	2
631	34	2
631	9	2
631	45	2
632	1	3
632	37	2
632	65	3
632	105	3
632	29	2
632	9	3
632	13	3
632	5	3
632	3	2
632	43	3
633	35	3
633	39	3
633	10	3
633	22	3
633	57	3
633	45	3
633	20	3
633	13	3
633	9	2
633	98	3
634	16	1
634	17	1
634	23	0
634	9	0
634	58	1
634	63	0
634	28	0
634	43	0
634	30	0
634	66	0
635	40	3
635	16	3
635	56	3
635	3	2
635	97	3
635	5	3
635	19	3
635	54	3
635	22	3
635	20	2
636	43	3
636	3	3
636	31	2
636	13	3
636	21	3
636	59	3
636	25	3
636	28	3
636	35	3
636	8	3
637	23	1
637	31	1
637	42	1
637	41	1
637	9	1
637	55	1
637	43	1
637	19	1
637	53	1
637	28	0
638	2	3
638	60	2
638	43	2
638	44	2
638	31	3
638	9	2
638	73	2
638	20	2
638	51	2
638	26	2
639	37	2
639	35	3
639	3	3
639	31	3
639	22	3
639	39	3
639	55	3
639	21	3
639	23	3
639	12	3
640	17	1
640	13	0
640	55	1
640	9	1
640	5	1
640	58	0
640	31	0
640	8	1
640	20	1
640	84	0
641	43	3
641	10	3
641	40	3
641	34	2
641	47	3
641	28	3
641	23	2
641	9	2
641	42	3
641	21	3
642	15	1
642	35	0
642	58	1
642	42	1
642	34	1
642	30	1
642	72	1
642	27	1
642	16	0
642	54	1
643	44	0
643	15	0
643	9	0
643	12	0
643	58	2
643	88	0
643	25	0
643	31	1
643	16	0
643	35	1
644	40	1
644	13	0
644	2	1
644	56	1
644	3	1
644	19	1
644	10	0
644	34	1
644	31	1
644	21	1
645	34	3
645	43	3
645	60	3
645	9	2
645	53	3
645	3	3
645	16	3
645	42	3
645	63	3
645	20	3
646	13	3
646	31	3
646	9	2
646	37	2
646	45	2
646	3	2
646	43	2
646	35	3
646	14	0
646	16	3
647	39	0
647	3	1
647	40	0
647	10	0
647	23	0
647	31	0
647	34	0
647	25	0
647	6	0
647	21	0
648	40	3
648	31	3
648	34	3
648	17	3
648	35	3
648	13	3
648	22	3
648	12	3
648	9	2
648	51	3
649	16	3
649	43	2
649	42	3
649	28	3
649	35	3
649	20	3
649	47	3
649	41	2
649	5	3
649	73	3
650	2	3
650	1	2
650	3	2
650	40	2
650	43	2
650	17	2
650	9	3
650	20	2
650	35	2
650	16	2
651	3	2
651	40	3
651	13	3
651	36	3
651	10	3
651	43	3
651	41	2
651	62	2
651	29	2
651	20	3
652	16	0
652	2	1
652	40	0
652	13	1
652	57	0
652	62	0
652	31	0
652	34	0
652	9	0
652	66	1
653	1	3
653	22	3
653	13	2
653	29	2
653	55	3
653	21	3
653	25	2
653	59	3
653	11	2
653	61	2
654	37	1
654	31	0
654	3	1
654	43	1
654	13	1
654	8	0
654	58	0
654	29	1
654	41	1
654	55	1
655	1	0
655	2	1
655	16	0
655	56	0
655	31	1
655	13	0
655	55	0
655	40	0
655	11	0
655	3	1
656	21	2
656	29	2
656	58	2
656	43	3
656	3	3
656	20	2
656	61	2
656	25	3
656	54	3
656	26	2
657	40	3
657	43	3
657	17	3
657	29	2
657	22	3
657	53	3
657	13	3
657	16	3
657	20	3
657	107	2
658	37	2
658	20	2
658	40	3
658	13	3
658	9	3
658	43	3
658	21	3
658	29	2
658	22	2
658	28	3
659	16	3
659	43	3
659	34	3
659	12	3
659	3	2
659	25	3
659	22	3
659	20	3
659	9	3
659	59	3
660	17	3
660	31	2
660	35	2
660	62	3
660	43	2
660	13	2
660	54	2
660	20	2
660	22	2
660	30	2
661	19	0
661	65	0
661	50	0
661	53	0
661	39	0
661	28	1
661	73	0
661	25	0
661	45	0
661	59	0
662	16	2
662	35	2
662	39	2
662	34	2
662	21	2
662	43	2
662	36	2
662	3	2
662	25	2
662	28	3
663	13	0
663	16	0
663	9	1
663	34	0
663	27	1
663	20	1
663	21	1
663	35	0
663	59	1
663	3	1
664	40	2
664	37	2
664	43	2
664	31	2
664	65	2
664	69	2
664	20	2
664	25	2
664	13	2
664	21	2
665	13	1
665	40	1
665	34	1
665	7	1
665	51	1
665	53	0
665	73	0
665	66	1
665	20	1
665	22	1
666	55	0
666	41	0
666	47	0
666	31	0
666	20	0
666	53	0
666	43	0
666	59	0
666	22	0
666	9	0
667	40	0
667	36	0
667	31	0
667	29	1
667	13	1
667	42	0
667	59	0
667	102	0
667	45	0
667	28	0
668	35	3
668	40	3
668	2	3
668	3	2
668	13	3
668	23	3
668	44	3
668	19	2
668	22	2
668	54	3
669	13	3
669	3	2
669	31	3
669	28	3
669	19	3
669	21	2
669	16	2
669	11	3
669	29	2
669	47	3
670	35	2
670	3	1
670	14	2
670	23	2
670	10	2
670	25	2
670	29	2
670	55	2
670	22	2
670	11	2
671	43	2
671	20	2
671	54	2
671	6	2
671	5	2
671	27	2
671	34	2
671	21	2
671	13	2
671	8	2
672	56	0
672	9	1
672	10	0
672	23	0
672	16	0
672	62	1
672	47	1
672	61	0
672	20	1
672	51	1
673	13	1
673	35	0
673	31	1
673	55	1
673	58	0
673	27	1
673	9	1
673	29	1
673	34	1
673	47	1
674	16	3
674	40	3
674	37	2
674	43	3
674	20	2
674	31	2
674	102	3
674	8	3
674	25	3
674	3	2
675	3	3
675	51	3
675	22	3
675	41	2
675	45	3
675	30	3
675	25	3
675	20	3
675	59	3
675	11	3
676	40	2
676	39	2
676	31	3
676	35	3
676	34	2
676	16	2
676	43	2
676	20	2
676	9	2
676	30	2
677	35	0
677	56	0
677	3	1
677	55	1
677	42	1
677	25	0
677	54	1
677	19	0
677	13	1
677	58	2
678	1	3
678	43	3
678	20	2
678	13	3
678	34	3
678	25	3
678	22	2
678	16	3
678	88	3
678	54	3
679	1	0
679	37	1
679	16	1
679	61	0
679	6	0
679	10	1
679	66	1
679	59	0
679	19	1
679	34	0
680	40	3
680	12	3
680	61	2
680	19	3
680	35	3
680	31	3
680	88	3
680	36	3
680	53	3
680	102	3
681	28	0
681	13	0
681	3	1
681	22	1
681	51	0
681	14	0
681	12	0
681	8	0
681	59	0
681	35	1
682	1	1
682	15	1
682	31	1
682	22	1
682	21	1
682	50	1
682	28	0
682	58	1
682	25	0
682	30	1
683	35	3
683	34	3
683	31	2
683	11	3
683	69	2
683	45	2
683	21	2
683	54	3
683	25	3
683	6	3
684	35	0
684	34	0
684	43	0
684	9	0
684	58	1
684	21	0
684	8	0
684	3	1
684	53	0
684	22	0
685	17	1
685	22	0
685	60	1
685	10	1
685	47	1
685	42	1
685	7	1
685	3	1
685	20	1
685	43	1
686	40	0
686	43	0
686	55	1
686	35	0
686	63	0
686	23	0
686	28	0
686	9	0
686	41	0
686	13	0
687	16	3
687	40	3
687	34	3
687	31	2
687	13	3
687	35	3
687	45	2
687	5	3
687	28	3
687	94	3
688	9	3
688	13	3
688	31	3
688	62	3
688	61	2
688	16	3
688	58	2
688	54	3
688	55	2
688	28	0
689	31	3
689	13	3
689	36	3
689	35	3
689	42	3
689	6	2
689	20	2
689	11	3
689	73	3
689	16	3
690	13	3
690	16	3
690	21	3
690	3	2
690	25	3
690	53	3
690	47	3
690	22	3
690	73	2
690	9	2
691	5	3
691	13	3
691	53	3
691	43	3
691	20	3
691	87	3
691	41	2
691	3	2
691	9	3
691	31	3
692	3	0
692	34	0
692	9	0
692	22	1
692	35	1
692	13	1
692	43	0
692	42	1
692	51	0
692	27	0
693	12	0
693	14	0
693	31	1
693	58	1
693	16	0
693	22	1
693	27	0
693	43	0
693	13	1
693	21	0
694	40	3
694	13	3
694	35	3
694	9	3
694	31	3
694	10	3
694	23	3
694	20	2
694	42	3
694	5	3
695	13	3
695	3	2
695	12	2
695	20	2
695	23	2
695	9	3
695	43	3
695	31	3
695	16	2
695	5	1
696	3	1
696	16	0
696	37	1
696	13	0
696	43	1
696	34	0
696	12	1
696	47	1
696	73	0
696	9	1
697	15	2
697	23	2
697	14	2
697	6	2
697	31	3
697	25	3
697	21	2
697	73	2
697	94	2
697	58	2
698	13	1
698	10	1
698	28	1
698	43	1
698	31	1
698	25	1
698	51	1
698	59	0
698	42	1
698	6	1
699	13	1
699	6	0
699	18	0
699	3	1
699	36	0
699	25	0
699	73	0
699	16	0
699	45	0
699	31	0
700	16	2
700	9	2
700	41	2
700	40	3
700	21	2
700	35	3
700	42	3
700	66	2
700	13	2
700	28	2
701	40	3
701	3	2
701	94	3
701	41	3
701	51	3
701	20	3
701	66	3
701	9	3
701	59	3
701	47	3
702	3	2
702	16	2
702	37	2
702	20	3
702	14	2
702	21	2
702	42	3
702	31	3
702	61	2
702	41	0
703	20	1
703	31	1
703	28	0
703	41	1
703	25	0
703	13	1
703	21	1
703	10	0
703	34	1
703	30	1
704	1	3
704	16	3
704	35	3
704	34	3
704	51	3
704	28	3
704	73	3
704	21	3
704	54	3
704	107	3
705	1	3
705	13	3
705	34	3
705	29	1
705	22	2
705	60	3
705	58	2
705	61	2
705	30	2
705	20	3
706	3	1
706	37	0
706	16	0
706	12	0
706	11	0
706	43	0
706	53	0
706	9	2
706	31	0
706	41	0
707	13	3
707	40	3
707	35	2
707	3	2
707	17	3
707	15	2
707	29	2
707	22	2
707	43	3
707	58	2
708	9	2
708	6	3
708	20	3
708	12	3
708	34	3
708	29	2
708	53	3
708	3	3
708	59	3
708	16	3
709	3	0
709	13	0
709	34	1
709	29	1
709	21	1
709	42	1
709	22	0
709	16	0
709	28	0
709	35	1
710	23	3
710	9	3
710	3	3
710	28	3
710	34	3
710	16	3
710	20	3
710	35	3
710	43	3
710	58	2
711	50	1
711	8	0
711	23	0
711	22	0
711	47	1
711	21	1
711	28	0
711	72	0
711	51	1
711	66	1
712	45	3
712	19	3
712	14	2
712	34	3
712	66	3
712	9	3
712	28	3
712	35	3
712	16	3
712	22	3
713	35	3
713	34	3
713	13	3
713	28	3
713	10	3
713	73	3
713	45	3
713	25	3
713	29	2
713	41	2
714	1	1
714	31	0
714	22	0
714	28	0
714	47	1
714	43	1
714	11	1
714	20	1
714	16	0
714	35	0
715	20	2
715	5	3
715	47	3
715	34	3
715	16	2
715	25	3
715	58	2
715	13	3
715	42	3
715	3	2
716	43	1
716	3	1
716	10	1
716	50	1
716	51	1
716	31	1
716	58	1
716	13	1
716	20	1
716	30	1
717	53	2
717	22	3
717	54	2
717	13	2
717	14	2
717	55	2
717	43	2
717	42	2
717	16	2
717	20	2
718	1	2
718	16	2
718	58	2
718	9	2
718	12	2
718	25	2
718	22	2
718	34	2
718	31	2
718	13	2
719	9	0
719	20	0
719	29	1
719	25	0
719	60	0
719	43	0
719	54	0
719	28	0
719	88	0
719	31	1
720	13	1
720	31	0
720	7	1
720	35	0
720	9	2
720	20	1
720	14	0
720	54	1
720	43	1
720	73	0
721	47	2
721	41	2
721	3	2
721	9	2
721	21	3
721	62	2
721	11	2
721	84	2
721	25	2
721	28	2
722	1	0
722	23	0
722	17	1
722	22	0
722	20	0
722	31	0
722	41	0
722	28	1
722	8	0
722	55	0
723	34	0
723	13	1
723	31	0
723	11	0
723	72	0
723	28	0
723	30	0
723	9	0
723	3	1
723	27	0
724	34	2
724	10	2
724	3	2
724	16	2
724	13	2
724	59	2
724	20	2
724	22	2
724	66	2
724	47	2
725	35	2
725	41	2
725	29	2
725	47	2
725	43	2
725	13	2
725	34	2
725	73	2
725	28	2
725	12	2
726	13	3
726	5	3
726	34	3
726	43	2
726	45	3
726	6	3
726	54	3
726	47	3
726	42	3
726	39	3
727	34	3
727	11	3
727	5	3
727	22	3
727	42	3
727	13	3
727	9	3
727	43	3
727	20	3
727	21	3
728	47	0
728	20	0
728	55	0
728	16	0
728	54	0
728	10	0
728	58	0
728	69	0
728	73	0
728	30	0
729	20	1
729	40	1
729	43	1
729	61	1
729	12	1
729	58	1
729	25	1
729	28	0
729	54	1
729	42	1
730	1	2
730	34	2
730	53	2
730	14	0
730	20	2
730	3	2
730	25	2
730	9	2
730	73	2
730	11	2
731	34	3
731	35	3
731	21	3
731	9	2
731	10	3
731	12	3
731	31	3
731	54	3
731	16	3
731	25	3
732	43	3
732	31	3
732	7	2
732	53	3
732	29	2
732	41	3
732	60	3
732	35	3
732	13	3
732	16	3
733	31	0
733	40	0
733	9	0
733	29	1
733	13	1
733	45	0
733	30	0
733	59	0
733	54	0
733	28	0
734	28	1
734	5	0
734	31	0
734	11	0
734	13	0
734	20	0
734	9	0
734	35	1
734	73	0
734	45	0
735	40	3
735	37	2
735	16	3
735	9	2
735	20	2
735	25	3
735	42	3
735	5	2
735	58	2
735	3	3
736	13	2
736	34	2
736	16	3
736	35	3
736	53	2
736	9	2
736	6	2
736	31	2
736	36	2
736	66	3
737	3	0
737	54	1
737	16	0
737	31	0
737	35	1
737	41	1
737	66	0
737	21	1
737	63	1
737	109	0
738	31	3
738	16	3
738	40	3
738	25	3
738	3	2
738	43	3
738	14	3
738	20	3
738	30	3
738	34	3
739	3	2
739	60	3
739	9	2
739	16	3
739	63	2
739	53	2
739	31	2
739	34	3
739	21	3
739	58	2
740	20	1
740	40	1
740	34	1
740	16	0
740	35	0
740	21	1
740	31	0
740	13	0
740	42	1
740	22	1
741	3	1
741	9	0
741	35	0
741	12	0
741	58	1
741	16	0
741	43	0
741	42	0
741	72	0
741	31	1
742	13	3
742	40	3
742	29	2
742	42	3
742	5	2
742	34	2
742	28	2
742	3	2
742	41	0
742	58	2
743	31	3
743	22	3
743	43	3
743	35	3
743	51	3
743	58	2
743	20	3
743	6	3
743	73	3
743	72	3
744	13	2
744	20	2
744	35	2
744	43	2
744	39	2
744	31	2
744	29	2
744	34	2
744	9	2
744	54	2
745	53	3
745	13	3
745	21	3
745	84	3
745	8	3
745	9	3
745	30	3
745	66	3
745	3	2
745	58	2
746	40	3
746	9	2
746	3	3
746	73	3
746	41	3
746	5	3
746	10	3
746	31	3
746	20	3
746	58	2
747	35	0
747	43	1
747	3	1
747	20	1
747	27	1
747	34	1
747	58	1
747	63	1
747	47	1
747	88	1
748	31	1
748	10	0
748	3	0
748	34	0
748	20	0
748	9	0
748	66	0
748	16	1
748	11	0
748	55	0
749	31	3
749	13	3
749	3	3
749	16	3
749	45	2
749	63	3
749	21	3
749	10	3
749	66	3
749	34	3
750	31	1
750	20	1
750	62	0
750	22	1
750	12	1
750	58	1
750	50	1
750	107	1
750	35	2
750	27	1
751	16	2
751	3	3
751	58	1
751	66	2
751	36	0
751	30	0
751	28	1
751	20	0
751	22	1
751	35	0
752	16	2
752	41	0
752	31	0
752	28	0
752	19	0
752	42	0
752	43	1
752	34	0
752	35	0
752	9	2
753	66	0
753	55	0
753	28	0
753	3	1
753	35	0
753	43	0
753	9	0
753	73	0
753	62	0
753	107	0
754	31	0
754	9	0
754	19	0
754	34	0
754	43	0
754	47	0
754	94	1
754	27	0
754	61	0
754	29	1
755	3	3
755	23	3
755	12	3
755	58	2
755	9	3
755	42	3
755	69	3
755	30	3
755	84	3
755	20	3
756	10	0
756	9	0
756	61	0
756	102	0
756	25	0
756	13	0
756	3	1
756	16	0
756	34	0
756	30	0
757	5	0
757	21	1
757	9	1
757	12	1
757	41	1
757	61	1
757	16	0
757	10	0
757	22	1
757	42	1
758	61	3
758	9	3
758	25	3
758	16	3
758	31	2
758	41	3
758	34	3
758	58	2
758	6	3
758	30	3
759	35	0
759	31	0
759	60	1
759	43	1
759	66	1
759	21	1
759	34	1
759	45	1
759	14	0
759	58	1
760	60	0
760	3	0
760	34	0
760	27	0
760	43	0
760	16	0
760	20	1
760	9	1
760	62	1
760	61	0
761	13	3
761	31	2
761	16	2
761	35	3
761	9	3
761	43	2
761	42	3
761	3	2
761	59	2
761	26	2
762	31	3
762	35	3
762	43	3
762	25	3
762	66	3
762	16	3
762	20	2
762	29	2
762	28	3
762	9	3
763	8	1
763	66	1
763	31	0
763	16	0
763	20	1
763	63	1
763	10	1
763	47	1
763	27	1
763	35	0
764	16	3
764	43	3
764	34	3
764	28	3
764	21	3
764	22	3
764	35	3
764	61	2
764	42	3
764	41	3
765	40	2
765	9	3
765	31	3
765	34	2
765	25	3
765	3	2
765	35	3
765	21	2
765	58	2
765	43	2
766	10	0
766	73	1
766	13	0
766	25	0
766	20	0
766	50	0
766	43	0
766	16	0
766	34	0
766	28	0
767	34	1
767	3	1
767	58	1
767	50	1
767	29	1
767	13	0
767	59	1
767	43	1
767	10	1
767	28	0
768	13	2
768	34	2
768	9	3
768	43	2
768	21	2
768	20	2
768	50	2
768	59	2
768	84	3
768	16	2
769	3	2
769	60	3
769	58	1
769	25	3
769	16	3
769	22	3
769	73	0
769	9	0
769	94	3
769	28	3
770	35	3
770	31	3
770	12	3
770	34	3
770	58	2
770	5	3
770	3	2
770	9	3
770	53	2
770	21	3
771	47	2
771	3	2
771	50	2
771	30	2
771	88	2
771	73	2
771	20	2
771	61	2
771	66	2
771	55	2
772	40	0
772	3	0
772	34	1
772	25	1
772	88	1
772	22	0
772	8	1
772	9	1
772	35	1
772	27	1
773	3	3
773	13	3
773	25	3
773	22	3
773	9	2
773	28	3
773	16	3
773	72	3
773	54	3
773	20	3
774	20	1
774	29	2
774	34	1
774	9	1
774	42	1
774	21	1
774	35	0
774	59	1
774	50	0
774	28	0
775	47	2
775	11	2
775	9	2
775	20	2
775	8	2
775	107	3
775	42	2
775	5	2
775	55	2
775	6	2
776	3	1
776	20	0
776	42	1
776	9	0
776	16	1
776	102	0
776	14	0
776	11	0
776	5	0
776	21	0
777	35	3
777	16	2
777	40	3
777	10	3
777	22	3
777	29	2
777	21	3
777	25	2
777	20	3
777	88	2
778	35	0
778	13	1
778	73	0
778	54	0
778	20	1
778	34	0
778	43	1
778	30	1
778	55	1
778	14	1
779	40	1
779	13	0
779	73	0
779	20	1
779	43	0
779	84	0
779	66	1
779	9	1
779	94	0
779	25	0
780	35	3
780	55	3
780	30	2
780	73	2
780	43	2
780	5	2
780	59	2
780	61	2
780	16	2
780	63	2
781	16	0
781	35	0
781	3	1
781	45	1
781	20	1
781	47	1
781	43	1
781	58	1
781	13	1
781	30	1
782	20	2
782	22	2
782	29	2
782	54	3
782	6	2
782	58	2
782	25	2
782	43	2
782	73	2
782	3	2
783	3	2
783	20	2
783	43	3
783	47	3
783	21	3
783	9	3
783	34	3
783	42	3
783	31	3
783	84	3
784	13	3
784	9	2
784	5	3
784	54	3
784	16	3
784	29	2
784	20	3
784	31	3
784	35	3
784	28	3
785	45	0
785	35	0
785	29	1
785	11	0
785	22	0
785	6	0
785	20	0
785	19	0
785	21	0
785	12	0
786	13	1
786	9	0
786	31	0
786	34	0
786	20	0
786	22	0
786	35	0
786	58	1
786	16	0
786	63	0
787	34	1
787	23	0
787	9	1
787	42	0
787	61	1
787	3	1
787	31	0
787	35	1
787	16	0
787	30	1
788	31	2
788	40	2
788	43	2
788	16	2
788	20	2
788	55	3
788	28	3
788	45	2
788	13	2
788	30	3
789	35	3
789	3	2
789	11	3
789	9	3
789	36	3
789	28	3
789	62	3
789	13	3
789	16	3
789	66	3
790	54	0
790	20	0
790	3	1
790	22	0
790	66	0
790	21	0
790	43	0
790	30	0
790	9	0
790	41	0
791	43	3
791	16	3
791	23	3
791	35	3
791	20	3
791	30	2
791	22	3
791	10	3
791	31	2
791	59	2
792	42	3
792	20	3
792	13	3
792	61	2
792	45	2
792	47	3
792	14	2
792	55	3
792	9	3
792	25	3
793	3	3
793	41	3
793	5	3
793	22	3
793	58	2
793	13	3
793	9	2
793	35	3
793	31	2
793	47	3
794	34	3
794	9	3
794	30	3
794	45	2
794	29	2
794	5	3
794	66	3
794	13	3
794	21	3
794	25	3
795	9	1
795	16	0
795	36	1
795	63	1
795	22	0
795	5	0
795	28	0
795	45	1
795	10	0
795	3	1
796	12	3
796	102	3
796	9	3
796	55	3
796	16	2
796	28	2
796	20	2
796	10	2
796	61	2
796	34	2
797	3	2
797	9	3
797	5	3
797	16	3
797	94	3
797	61	2
797	58	2
797	31	3
797	41	2
797	19	3
798	31	0
798	94	0
798	5	0
798	55	0
798	11	0
798	20	0
798	21	0
798	22	0
798	29	1
798	109	0
799	35	2
799	20	2
799	63	3
799	9	2
799	11	2
799	3	2
799	61	2
799	88	2
799	51	3
799	41	3
800	23	3
800	10	3
800	16	2
800	34	3
800	21	3
800	20	3
800	5	3
800	29	2
800	13	3
800	66	3
801	20	2
801	28	3
801	9	2
801	30	2
801	66	2
801	16	3
801	25	2
801	63	3
801	45	2
801	31	3
802	20	0
802	39	0
802	30	0
802	22	1
802	29	1
802	19	1
802	25	0
802	50	0
802	21	0
802	41	0
803	31	2
803	35	3
803	3	2
803	55	3
803	9	3
803	28	3
803	29	2
803	16	2
803	21	2
803	42	3
804	9	2
804	11	2
804	29	1
804	12	3
804	8	3
804	88	2
804	22	3
804	14	2
804	54	2
804	3	2
805	25	2
805	20	2
805	62	0
805	14	0
805	11	2
805	31	3
805	22	2
805	16	2
805	41	0
805	88	2
806	35	3
806	20	3
806	62	3
806	29	2
806	6	3
806	72	3
806	73	3
806	34	3
806	43	3
806	9	3
807	43	0
807	9	0
807	12	0
807	20	0
807	28	1
807	13	1
807	34	1
807	25	1
807	53	1
807	3	1
