question,worker,answer
36618,896,0
11619,896,1
36620,896,1
36621,896,1
36622,896,1
36623,896,1
36624,896,1
36696,896,1
36627,896,1
36697,896,1
36632,896,1
36633,896,1
36636,896,0
36638,896,0
36640,896,0
36641,896,0
36643,896,0
36644,896,0
36645,896,1
11697,896,1
11655,896,1
36652,896,1
36701,896,1
36656,896,1
36657,896,1
11573,896,1
11574,896,1
11575,896,1
36664,896,1
36665,896,1
36666,896,0
11579,896,0
11580,896,0
11583,896,0
36673,896,0
36674,896,0
36931,896,0
36932,896,1
36933,896,1
36934,896,1
36935,896,1
36936,896,1
36937,896,1
11594,896,1
36939,896,1
36940,896,1
36941,896,1
36942,896,1
36943,896,1
11600,896,1
11601,896,1
11602,896,1
36947,896,1
36948,896,1
36949,896,1
11577,896,1
36952,896,1
36953,896,1
11612,896,1
11578,896,1
12382,896,0
36959,896,1
36960,896,0
36961,896,1
36962,896,1
36963,896,1
36964,896,1
11588,896,1
11626,896,1
11628,896,1
11629,896,1
11630,896,1
11637,896,1
11641,896,1
11642,896,1
11644,896,1
11645,896,1
11646,896,1
11653,896,1
11585,896,1
11656,896,1
11657,896,1
11658,896,1
14988,896,1
11661,896,1
11663,896,1
11615,896,1
36675,896,1
11673,896,1
11672,896,1
36676,896,0
11680,896,1
36678,896,1
36679,896,1
11692,896,1
11693,896,1
11694,896,1
11696,896,0
36680,896,1
11705,896,1
36683,896,1
11596,896,1
11617,896,1
11685,896,1
11618,896,1
36691,896,1
11604,896,1
36693,896,0
36618,866,1
11619,866,1
36620,866,0
36621,866,1
36622,866,1
36623,866,1
36624,866,1
36696,866,1
36627,866,1
36697,866,1
36632,866,1
36633,866,1
36636,866,0
36638,866,0
36640,866,0
36641,866,0
36643,866,0
36644,866,0
36645,866,1
11697,866,0
11655,866,0
36652,866,0
36701,866,0
36656,866,0
36657,866,1
11573,866,1
11574,866,1
11575,866,1
36664,866,0
36665,866,0
36666,866,1
11579,866,1
11580,866,1
11583,866,1
36673,866,1
36674,866,0
36931,866,0
36932,866,0
36933,866,0
36934,866,1
36935,866,0
36936,866,0
36937,866,1
11594,866,1
36939,866,1
36940,866,1
36941,866,0
36942,866,1
36943,866,0
11600,866,1
11601,866,1
11602,866,0
36947,866,1
36948,866,1
36949,866,1
11577,866,1
36952,866,1
36953,866,1
11612,866,1
11578,866,0
12382,866,1
36959,866,1
36960,866,1
36961,866,1
36962,866,1
36963,866,0
36964,866,1
11588,866,1
11626,866,1
11628,866,0
11629,866,1
11630,866,1
11637,866,1
11641,866,1
11642,866,1
11644,866,1
11645,866,1
11646,866,1
11653,866,1
11585,866,1
11656,866,1
11657,866,1
11658,866,0
14988,866,1
11661,866,1
11663,866,0
11615,866,0
36675,866,0
11673,866,0
11672,866,0
36676,866,1
11680,866,1
36678,866,1
36679,866,0
11692,866,0
11693,866,1
11694,866,1
11696,866,0
36680,866,1
11705,866,1
36683,866,0
11596,866,1
11617,866,1
11685,866,1
11618,866,1
36691,866,1
11604,866,1
36693,866,0
36618,39,0
11619,39,1
36620,39,0
36621,39,0
36622,39,0
36623,39,0
36624,39,0
36696,39,0
36627,39,0
36697,39,0
36632,39,0
36633,39,0
36636,39,0
36638,39,0
36640,39,0
36641,39,0
36643,39,0
36644,39,0
36645,39,0
11697,39,1
11655,39,0
36652,39,0
36701,39,0
36656,39,0
36657,39,1
11573,39,1
11574,39,1
11575,39,1
36664,39,0
36665,39,0
36666,39,0
11579,39,1
11580,39,1
11583,39,1
36673,39,0
36674,39,0
36931,39,0
36932,39,0
36933,39,0
36934,39,0
36935,39,0
36936,39,0
36937,39,0
11594,39,1
36939,39,0
36940,39,0
36941,39,0
36942,39,0
36943,39,0
11600,39,1
11601,39,0
11602,39,0
36947,39,0
36948,39,1
36949,39,0
11577,39,0
36952,39,0
36953,39,0
11612,39,0
11578,39,1
12382,39,0
36959,39,0
36960,39,0
36961,39,0
36962,39,0
36963,39,0
36964,39,0
11588,39,1
11626,39,1
11628,39,1
11629,39,0
11630,39,1
11637,39,1
11641,39,1
11642,39,0
11644,39,0
11645,39,0
11646,39,0
11653,39,0
11585,39,1
11656,39,1
11657,39,1
11658,39,0
14988,39,0
11661,39,1
11663,39,0
11615,39,0
36675,39,0
11673,39,0
11672,39,0
36676,39,0
11680,39,1
36678,39,0
36679,39,0
11692,39,0
11693,39,1
11694,39,1
11696,39,0
36680,39,0
11705,39,1
36683,39,0
11596,39,0
11617,39,1
11685,39,1
11618,39,0
36691,39,0
11604,39,1
36693,39,0
36618,175,1
11619,175,1
36620,175,0
36621,175,1
36622,175,1
36623,175,1
36624,175,1
36696,175,1
36627,175,0
36697,175,1
36632,175,0
36633,175,1
36636,175,1
36638,175,1
36640,175,0
36641,175,0
36643,175,0
36644,175,0
36645,175,1
11697,175,1
11655,175,1
36652,175,1
36701,175,1
36656,175,1
36657,175,1
11573,175,1
11574,175,1
11575,175,1
36664,175,1
36665,175,1
36666,175,1
11579,175,1
11580,175,1
11583,175,1
36673,175,1
36674,175,1
36931,175,0
36932,175,0
36933,175,1
36934,175,1
36935,175,1
36936,175,1
36937,175,0
11594,175,0
36939,175,1
36940,175,1
36941,175,1
36942,175,1
36943,175,0
11600,175,1
11601,175,1
11602,175,0
36947,175,1
36948,175,1
36949,175,1
11577,175,1
36952,175,1
36953,175,1
11612,175,1
11578,175,1
12382,175,1
36959,175,1
36960,175,1
36961,175,1
36962,175,0
36963,175,0
36964,175,0
11588,175,1
11626,175,1
11628,175,1
11629,175,1
11630,175,1
11637,175,1
11641,175,1
11642,175,1
11644,175,1
11645,175,1
11646,175,1
11653,175,1
11585,175,1
11656,175,1
11657,175,0
11658,175,1
14988,175,1
11661,175,1
11663,175,1
11615,175,0
36675,175,0
11673,175,1
11672,175,1
36676,175,1
11680,175,1
36678,175,1
36679,175,1
11692,175,0
11693,175,1
11694,175,1
11696,175,0
36680,175,0
11705,175,1
36683,175,1
11596,175,1
11617,175,1
11685,175,1
11618,175,1
36691,175,1
11604,175,1
36693,175,0
36618,1721,1
11619,1721,1
36620,1721,1
36621,1721,1
36622,1721,0
36623,1721,1
36624,1721,1
36696,1721,1
36627,1721,0
36697,1721,1
36632,1721,0
36633,1721,1
36636,1721,1
36638,1721,1
36640,1721,1
36641,1721,1
36643,1721,1
36644,1721,0
36645,1721,0
11697,1721,0
11655,1721,0
36652,1721,0
36701,1721,1
36656,1721,0
36657,1721,1
11573,1721,0
11574,1721,0
11575,1721,0
36664,1721,0
36665,1721,1
36666,1721,0
11579,1721,0
11580,1721,0
11583,1721,0
36673,1721,0
36674,1721,0
36931,1721,0
36932,1721,0
36933,1721,1
36934,1721,0
36935,1721,0
36936,1721,1
36937,1721,0
11594,1721,0
36939,1721,1
36940,1721,1
36941,1721,1
36942,1721,1
36943,1721,0
11600,1721,0
11601,1721,0
11602,1721,0
36947,1721,1
36948,1721,1
36949,1721,0
11577,1721,0
36952,1721,1
36953,1721,0
11612,1721,0
11578,1721,0
12382,1721,1
36959,1721,1
36960,1721,0
36961,1721,0
36962,1721,0
36963,1721,0
36964,1721,1
11588,1721,1
11626,1721,0
11628,1721,0
11629,1721,1
11630,1721,0
11637,1721,0
11641,1721,0
11642,1721,0
11644,1721,0
11645,1721,0
11646,1721,0
11653,1721,0
11585,1721,0
11656,1721,0
11657,1721,0
11658,1721,0
14988,1721,0
11661,1721,0
11663,1721,0
11615,1721,0
36675,1721,0
11673,1721,0
11672,1721,1
36676,1721,1
11680,1721,0
36678,1721,1
36679,1721,1
11692,1721,0
11693,1721,0
11694,1721,1
11696,1721,0
36680,1721,0
11705,1721,0
36683,1721,0
11596,1721,0
11617,1721,1
11685,1721,0
11618,1721,1
36691,1721,1
11604,1721,1
36693,1721,0
36618,1722,0
11619,1722,0
36620,1722,1
36621,1722,0
36622,1722,0
36623,1722,1
36624,1722,0
36696,1722,0
36627,1722,0
36697,1722,0
36632,1722,1
36633,1722,0
36636,1722,1
36638,1722,0
36640,1722,1
36641,1722,0
36643,1722,0
36644,1722,0
36645,1722,0
11697,1722,0
11655,1722,0
36652,1722,0
36701,1722,0
36656,1722,1
36657,1722,1
11573,1722,1
11574,1722,0
11575,1722,0
36664,1722,0
36665,1722,1
36666,1722,0
11579,1722,0
11580,1722,0
11583,1722,0
36673,1722,0
36674,1722,1
36931,1722,1
36932,1722,1
36933,1722,1
36934,1722,0
36935,1722,1
36936,1722,0
36937,1722,0
11594,1722,1
36939,1722,0
36940,1722,0
36941,1722,0
36942,1722,0
36943,1722,0
11600,1722,1
11601,1722,1
11602,1722,1
36947,1722,1
36948,1722,1
36949,1722,1
11577,1722,1
36952,1722,0
36953,1722,0
11612,1722,0
11578,1722,0
12382,1722,1
36959,1722,0
36960,1722,0
36961,1722,0
36962,1722,1
36963,1722,0
36964,1722,1
11588,1722,0
11626,1722,0
11628,1722,1
11629,1722,1
11630,1722,1
11637,1722,0
11641,1722,0
11642,1722,0
11644,1722,1
11645,1722,1
11646,1722,1
11653,1722,1
11585,1722,1
11656,1722,1
11657,1722,0
11658,1722,0
14988,1722,0
11661,1722,0
11663,1722,0
11615,1722,0
36675,1722,1
11673,1722,0
11672,1722,1
36676,1722,0
11680,1722,0
36678,1722,0
36679,1722,1
11692,1722,0
11693,1722,1
11694,1722,0
11696,1722,0
36680,1722,1
11705,1722,1
36683,1722,1
11596,1722,0
11617,1722,0
11685,1722,0
11618,1722,0
36691,1722,0
11604,1722,0
36693,1722,1
36618,1723,0
11619,1723,1
36620,1723,0
36621,1723,0
36622,1723,1
36623,1723,0
36624,1723,0
36696,1723,1
36627,1723,0
36697,1723,0
36632,1723,1
36633,1723,1
36636,1723,1
36638,1723,0
36640,1723,0
36641,1723,0
36643,1723,0
36644,1723,0
36645,1723,1
11697,1723,1
11655,1723,1
36652,1723,1
36701,1723,0
36656,1723,0
36657,1723,1
11573,1723,1
11574,1723,0
11575,1723,1
36664,1723,0
36665,1723,0
36666,1723,1
11579,1723,1
11580,1723,1
11583,1723,1
36673,1723,1
36674,1723,1
36931,1723,0
36932,1723,0
36933,1723,0
36934,1723,0
36935,1723,1
36936,1723,1
36937,1723,0
11594,1723,1
36939,1723,0
36940,1723,0
36941,1723,1
36942,1723,0
36943,1723,0
11600,1723,1
11601,1723,1
11602,1723,1
36947,1723,1
36948,1723,1
36949,1723,0
11577,1723,1
36952,1723,1
36953,1723,1
11612,1723,1
11578,1723,1
12382,1723,1
36959,1723,0
36960,1723,0
36961,1723,0
36962,1723,0
36963,1723,0
36964,1723,0
11588,1723,1
11626,1723,1
11628,1723,1
11629,1723,1
11630,1723,1
11637,1723,1
11641,1723,1
11642,1723,1
11644,1723,1
11645,1723,1
11646,1723,1
11653,1723,1
11585,1723,1
11656,1723,1
11657,1723,1
11658,1723,0
14988,1723,0
11661,1723,1
11663,1723,1
11615,1723,0
36675,1723,0
11673,1723,1
11672,1723,1
36676,1723,1
11680,1723,1
36678,1723,0
36679,1723,1
11692,1723,1
11693,1723,1
11694,1723,1
11696,1723,1
36680,1723,0
11705,1723,1
36683,1723,0
11596,1723,1
11617,1723,1
11685,1723,1
11618,1723,1
36691,1723,0
11604,1723,1
36693,1723,1
36618,1724,0
11619,1724,0
36620,1724,0
36621,1724,0
36622,1724,0
36623,1724,0
36624,1724,0
36696,1724,0
36627,1724,0
36697,1724,0
36632,1724,0
36633,1724,0
36636,1724,0
36638,1724,0
36640,1724,0
36641,1724,0
36643,1724,0
36644,1724,0
36645,1724,0
11697,1724,0
11655,1724,0
36652,1724,0
36701,1724,0
36656,1724,0
36657,1724,0
11573,1724,0
11574,1724,0
11575,1724,0
36664,1724,0
36665,1724,0
36666,1724,1
11579,1724,1
11580,1724,0
11583,1724,1
36673,1724,1
36674,1724,0
36931,1724,0
36932,1724,0
36933,1724,0
36934,1724,0
36935,1724,0
36936,1724,0
36937,1724,0
11594,1724,0
36939,1724,0
36940,1724,0
36941,1724,0
36942,1724,0
36943,1724,0
11600,1724,0
11601,1724,0
11602,1724,0
36947,1724,0
36948,1724,0
36949,1724,1
11577,1724,1
36952,1724,1
36953,1724,1
11612,1724,1
11578,1724,1
12382,1724,1
36959,1724,1
36960,1724,0
36961,1724,0
36962,1724,0
36963,1724,0
36964,1724,0
11588,1724,0
11626,1724,0
11628,1724,0
11629,1724,1
11630,1724,1
11637,1724,0
11641,1724,0
11642,1724,0
11644,1724,0
11645,1724,1
11646,1724,1
11653,1724,0
11585,1724,1
11656,1724,0
11657,1724,0
11658,1724,0
14988,1724,0
11661,1724,1
11663,1724,0
11615,1724,0
36675,1724,0
11673,1724,0
11672,1724,0
36676,1724,1
11680,1724,1
36678,1724,0
36679,1724,1
11692,1724,0
11693,1724,0
11694,1724,1
11696,1724,0
36680,1724,1
11705,1724,1
36683,1724,1
11596,1724,1
11617,1724,1
11685,1724,0
11618,1724,0
36691,1724,1
11604,1724,1
36693,1724,0
36618,1725,1
11619,1725,1
36620,1725,1
36621,1725,1
36622,1725,1
36623,1725,1
36624,1725,1
36696,1725,1
36627,1725,1
36697,1725,1
36632,1725,1
36633,1725,0
36636,1725,1
36638,1725,0
36640,1725,0
36641,1725,1
36643,1725,1
36644,1725,0
36645,1725,1
11697,1725,1
11655,1725,1
36652,1725,1
36701,1725,1
36656,1725,1
36657,1725,1
11573,1725,1
11574,1725,1
11575,1725,1
36664,1725,0
36665,1725,1
36666,1725,1
11579,1725,1
11580,1725,1
11583,1725,1
36673,1725,1
36674,1725,0
36931,1725,1
36932,1725,0
36933,1725,1
36934,1725,1
36935,1725,1
36936,1725,1
36937,1725,1
11594,1725,1
36939,1725,1
36940,1725,1
36941,1725,1
36942,1725,1
36943,1725,1
11600,1725,1
11601,1725,1
11602,1725,0
36947,1725,1
36948,1725,1
36949,1725,1
11577,1725,1
36952,1725,1
36953,1725,1
11612,1725,1
11578,1725,1
12382,1725,1
36959,1725,1
36960,1725,1
36961,1725,1
36962,1725,1
36963,1725,1
36964,1725,0
11588,1725,1
11626,1725,1
11628,1725,1
11629,1725,1
11630,1725,1
11637,1725,1
11641,1725,1
11642,1725,1
11644,1725,1
11645,1725,1
11646,1725,1
11653,1725,1
11585,1725,1
11656,1725,1
11657,1725,1
11658,1725,1
14988,1725,1
11661,1725,1
11663,1725,1
11615,1725,0
36675,1725,1
11673,1725,1
11672,1725,1
36676,1725,1
11680,1725,1
36678,1725,1
36679,1725,1
11692,1725,0
11693,1725,1
11694,1725,1
11696,1725,0
36680,1725,1
11705,1725,1
36683,1725,1
11596,1725,1
11617,1725,1
11685,1725,1
11618,1725,1
36691,1725,1
11604,1725,1
36693,1725,0
36618,1726,0
11619,1726,1
36620,1726,0
36621,1726,0
36622,1726,0
36623,1726,1
36624,1726,1
36696,1726,0
36627,1726,0
36697,1726,0
36632,1726,0
36633,1726,0
36636,1726,0
36638,1726,0
36640,1726,0
36641,1726,0
36643,1726,0
36644,1726,0
36645,1726,0
11697,1726,1
11655,1726,1
36652,1726,0
36701,1726,0
36656,1726,0
36657,1726,0
11573,1726,1
11574,1726,0
11575,1726,1
36664,1726,0
36665,1726,0
36666,1726,0
11579,1726,1
11580,1726,1
11583,1726,0
36673,1726,0
36674,1726,0
36931,1726,0
36932,1726,0
36933,1726,0
36934,1726,0
36935,1726,0
36936,1726,0
36937,1726,0
11594,1726,1
36939,1726,0
36940,1726,0
36941,1726,0
36942,1726,0
36943,1726,0
11600,1726,0
11601,1726,0
11602,1726,1
36947,1726,0
36948,1726,0
36949,1726,0
11577,1726,0
36952,1726,0
36953,1726,0
11612,1726,0
11578,1726,1
12382,1726,0
36959,1726,0
36960,1726,0
36961,1726,0
36962,1726,1
36963,1726,0
36964,1726,0
11588,1726,0
11626,1726,0
11628,1726,1
11629,1726,1
11630,1726,0
11637,1726,0
11641,1726,1
11642,1726,1
11644,1726,0
11645,1726,1
11646,1726,0
11653,1726,1
11585,1726,1
11656,1726,1
11657,1726,0
11658,1726,0
14988,1726,0
11661,1726,0
11663,1726,1
11615,1726,1
36675,1726,0
11673,1726,0
11672,1726,1
36676,1726,0
11680,1726,0
36678,1726,0
36679,1726,0
11692,1726,1
11693,1726,1
11694,1726,0
11696,1726,0
36680,1726,0
11705,1726,1
36683,1726,0
11596,1726,0
11617,1726,1
11685,1726,1
11618,1726,0
36691,1726,0
11604,1726,0
36693,1726,0
36618,1727,1
11619,1727,1
36620,1727,0
36621,1727,0
36622,1727,0
36623,1727,1
36624,1727,1
36696,1727,1
36627,1727,1
36697,1727,0
36632,1727,0
36633,1727,1
36636,1727,0
36638,1727,0
36640,1727,0
36641,1727,0
36643,1727,0
36644,1727,0
36645,1727,0
11697,1727,1
11655,1727,1
36652,1727,0
36701,1727,0
36656,1727,0
36657,1727,1
11573,1727,1
11574,1727,1
11575,1727,1
36664,1727,0
36665,1727,0
36666,1727,0
11579,1727,1
11580,1727,0
11583,1727,1
36673,1727,0
36674,1727,0
36931,1727,0
36932,1727,0
36933,1727,0
36934,1727,0
36935,1727,0
36936,1727,0
36937,1727,0
11594,1727,1
36939,1727,0
36940,1727,1
36941,1727,0
36942,1727,0
36943,1727,1
11600,1727,1
11601,1727,1
11602,1727,0
36947,1727,0
36948,1727,1
36949,1727,0
11577,1727,1
36952,1727,0
36953,1727,0
11612,1727,1
11578,1727,0
12382,1727,1
36959,1727,0
36960,1727,0
36961,1727,0
36962,1727,0
36963,1727,0
36964,1727,0
11588,1727,1
11626,1727,0
11628,1727,1
11629,1727,1
11630,1727,1
11637,1727,1
11641,1727,1
11642,1727,0
11644,1727,0
11645,1727,0
11646,1727,1
11653,1727,0
11585,1727,1
11656,1727,0
11657,1727,0
11658,1727,0
14988,1727,1
11661,1727,1
11663,1727,0
11615,1727,1
36675,1727,0
11673,1727,1
11672,1727,1
36676,1727,0
11680,1727,1
36678,1727,0
36679,1727,0
11692,1727,0
11693,1727,0
11694,1727,1
11696,1727,0
36680,1727,0
11705,1727,1
36683,1727,0
11596,1727,1
11617,1727,1
11685,1727,1
11618,1727,0
36691,1727,0
11604,1727,0
36693,1727,0
36618,1730,0
11619,1730,1
36620,1730,0
36621,1730,0
36622,1730,0
36623,1730,1
36624,1730,1
36696,1730,0
36627,1730,0
36697,1730,0
36632,1730,0
36633,1730,1
36636,1730,0
36638,1730,0
36640,1730,0
36641,1730,0
36643,1730,0
36644,1730,0
36645,1730,0
11697,1730,1
11655,1730,1
36652,1730,0
36701,1730,0
36656,1730,0
36657,1730,0
11573,1730,1
11574,1730,1
11575,1730,1
36664,1730,0
36665,1730,0
36666,1730,0
11579,1730,1
11580,1730,1
11583,1730,1
36673,1730,0
36674,1730,0
36931,1730,0
36932,1730,0
36933,1730,0
36934,1730,0
36935,1730,0
36936,1730,0
36937,1730,0
11594,1730,1
36939,1730,0
36940,1730,0
36941,1730,0
36942,1730,0
36943,1730,0
11600,1730,1
11601,1730,1
11602,1730,0
36947,1730,0
36948,1730,1
36949,1730,0
11577,1730,1
36952,1730,0
36953,1730,0
11612,1730,0
11578,1730,1
12382,1730,0
36959,1730,0
36960,1730,1
36961,1730,0
36962,1730,0
36963,1730,0
36964,1730,0
11588,1730,0
11626,1730,1
11628,1730,1
11629,1730,1
11630,1730,1
11637,1730,1
11641,1730,1
11642,1730,1
11644,1730,1
11645,1730,1
11646,1730,1
11653,1730,1
11585,1730,1
11656,1730,1
11657,1730,1
11658,1730,0
14988,1730,0
11661,1730,1
11663,1730,1
11615,1730,0
36675,1730,0
11673,1730,1
11672,1730,0
36676,1730,0
11680,1730,1
36678,1730,0
36679,1730,0
11692,1730,0
11693,1730,1
11694,1730,1
11696,1730,1
36680,1730,0
11705,1730,1
36683,1730,0
11596,1730,1
11617,1730,1
11685,1730,1
11618,1730,1
36691,1730,0
11604,1730,1
36693,1730,0
36618,1731,1
11619,1731,0
36620,1731,0
36621,1731,0
36622,1731,0
36623,1731,0
36624,1731,0
36696,1731,1
36627,1731,0
36697,1731,0
36632,1731,0
36633,1731,0
36636,1731,0
36638,1731,0
36640,1731,0
36641,1731,0
36643,1731,0
36644,1731,0
36645,1731,1
11697,1731,0
11655,1731,0
36652,1731,0
36701,1731,0
36656,1731,0
36657,1731,0
11573,1731,0
11574,1731,0
11575,1731,0
36664,1731,0
36665,1731,0
36666,1731,0
11579,1731,1
11580,1731,0
11583,1731,0
36673,1731,0
36674,1731,1
36931,1731,0
36932,1731,0
36933,1731,0
36934,1731,0
36935,1731,0
36936,1731,0
36937,1731,1
11594,1731,1
36939,1731,0
36940,1731,0
36941,1731,0
36942,1731,0
36943,1731,0
11600,1731,0
11601,1731,1
11602,1731,0
36947,1731,0
36948,1731,0
36949,1731,0
11577,1731,0
36952,1731,0
36953,1731,0
11612,1731,0
11578,1731,0
12382,1731,0
36959,1731,0
36960,1731,0
36961,1731,0
36962,1731,0
36963,1731,0
36964,1731,0
11588,1731,0
11626,1731,0
11628,1731,0
11629,1731,0
11630,1731,0
11637,1731,0
11641,1731,0
11642,1731,0
11644,1731,0
11645,1731,0
11646,1731,0
11653,1731,0
11585,1731,1
11656,1731,0
11657,1731,0
11658,1731,0
14988,1731,0
11661,1731,0
11663,1731,0
11615,1731,0
36675,1731,0
11673,1731,0
11672,1731,1
36676,1731,0
11680,1731,0
36678,1731,0
36679,1731,0
11692,1731,0
11693,1731,0
11694,1731,0
11696,1731,0
36680,1731,0
11705,1731,0
36683,1731,0
11596,1731,0
11617,1731,0
11685,1731,0
11618,1731,0
36691,1731,0
11604,1731,1
36693,1731,0
36618,1733,0
11619,1733,1
36620,1733,0
36621,1733,0
36622,1733,0
36623,1733,0
36624,1733,0
36696,1733,1
36627,1733,0
36697,1733,0
36632,1733,0
36633,1733,1
36636,1733,0
36638,1733,0
36640,1733,0
36641,1733,0
36643,1733,0
36644,1733,0
36645,1733,1
11697,1733,0
11655,1733,0
36652,1733,0
36701,1733,0
36656,1733,0
36657,1733,0
11573,1733,0
11574,1733,0
11575,1733,0
36664,1733,0
36665,1733,0
36666,1733,0
11579,1733,1
11580,1733,0
11583,1733,1
36673,1733,0
36674,1733,0
36931,1733,0
36932,1733,0
36933,1733,0
36934,1733,0
36935,1733,0
36936,1733,0
36937,1733,0
11594,1733,0
36939,1733,0
36940,1733,0
36941,1733,0
36942,1733,0
36943,1733,0
11600,1733,0
11601,1733,1
11602,1733,0
36947,1733,0
36948,1733,1
36949,1733,0
11577,1733,0
36952,1733,0
36953,1733,0
11612,1733,0
11578,1733,0
12382,1733,1
36959,1733,0
36960,1733,0
36961,1733,0
36962,1733,0
36963,1733,0
36964,1733,0
11588,1733,0
11626,1733,0
11628,1733,0
11629,1733,1
11630,1733,0
11637,1733,0
11641,1733,1
11642,1733,0
11644,1733,0
11645,1733,0
11646,1733,0
11653,1733,0
11585,1733,1
11656,1733,1
11657,1733,1
11658,1733,0
14988,1733,0
11661,1733,0
11663,1733,0
11615,1733,0
36675,1733,0
11673,1733,0
11672,1733,0
36676,1733,0
11680,1733,1
36678,1733,0
36679,1733,0
11692,1733,0
11693,1733,1
11694,1733,0
11696,1733,0
36680,1733,0
11705,1733,1
36683,1733,0
11596,1733,1
11617,1733,0
11685,1733,0
11618,1733,1
36691,1733,0
11604,1733,0
36693,1733,0
36618,1734,0
11619,1734,0
36620,1734,0
36621,1734,0
36622,1734,0
36623,1734,1
36624,1734,1
36696,1734,0
36627,1734,0
36697,1734,0
36632,1734,0
36633,1734,1
36636,1734,0
36638,1734,0
36640,1734,0
36641,1734,0
36643,1734,0
36644,1734,0
36645,1734,0
11697,1734,1
11655,1734,0
36652,1734,0
36701,1734,0
36656,1734,0
36657,1734,1
11573,1734,1
11574,1734,0
11575,1734,1
36664,1734,0
36665,1734,0
36666,1734,0
11579,1734,1
11580,1734,0
11583,1734,1
36673,1734,0
36674,1734,0
36931,1734,0
36932,1734,0
36933,1734,0
36934,1734,0
36935,1734,0
36936,1734,0
36937,1734,0
11594,1734,1
36939,1734,0
36940,1734,0
36941,1734,0
36942,1734,0
36943,1734,0
11600,1734,1
11601,1734,0
11602,1734,1
36947,1734,0
36948,1734,0
36949,1734,0
11577,1734,0
36952,1734,0
36953,1734,0
11612,1734,1
11578,1734,1
12382,1734,1
36959,1734,0
36960,1734,1
36961,1734,0
36962,1734,0
36963,1734,0
36964,1734,0
11588,1734,1
11626,1734,1
11628,1734,1
11629,1734,1
11630,1734,1
11637,1734,0
11641,1734,0
11642,1734,0
11644,1734,0
11645,1734,0
11646,1734,0
11653,1734,0
11585,1734,0
11656,1734,0
11657,1734,0
11658,1734,0
14988,1734,1
11661,1734,1
11663,1734,0
11615,1734,1
36675,1734,0
11673,1734,1
11672,1734,1
36676,1734,0
11680,1734,1
36678,1734,1
36679,1734,0
11692,1734,0
11693,1734,1
11694,1734,1
11696,1734,1
36680,1734,0
11705,1734,1
36683,1734,0
11596,1734,1
11617,1734,1
11685,1734,1
11618,1734,1
36691,1734,0
11604,1734,1
36693,1734,1
36618,97,0
11619,97,1
36620,97,0
36621,97,0
36622,97,1
36623,97,0
36624,97,1
36696,97,1
36627,97,1
36697,97,1
36632,97,1
36633,97,1
36636,97,0
36638,97,0
36640,97,0
36641,97,0
36643,97,0
36644,97,0
36645,97,1
11697,97,0
11655,97,0
36652,97,0
36701,97,0
36656,97,0
36657,97,0
11573,97,0
11574,97,0
11575,97,1
36664,97,1
36665,97,1
36666,97,1
11579,97,1
11580,97,1
11583,97,1
36673,97,1
36674,97,1
36931,97,1
36932,97,0
36933,97,1
36934,97,0
36935,97,1
36936,97,1
36937,97,0
11594,97,1
36939,97,0
36940,97,0
36941,97,0
36942,97,0
36943,97,0
11600,97,1
11601,97,0
11602,97,1
36947,97,0
36948,97,1
36949,97,1
11577,97,0
36952,97,0
36953,97,0
11612,97,0
11578,97,0
12382,97,1
36959,97,0
36960,97,0
36961,97,0
36962,97,0
36963,97,0
36964,97,0
11588,97,0
11626,97,0
11628,97,1
11629,97,1
11630,97,0
11637,97,1
11641,97,1
11642,97,1
11644,97,1
11645,97,1
11646,97,1
11653,97,1
11585,97,1
11656,97,1
11657,97,1
11658,97,0
14988,97,1
11661,97,1
11663,97,0
11615,97,0
36675,97,0
11673,97,0
11672,97,0
36676,97,1
11680,97,1
36678,97,0
36679,97,0
11692,97,0
11693,97,0
11694,97,0
11696,97,0
36680,97,0
11705,97,0
36683,97,0
11596,97,0
11617,97,0
11685,97,1
11618,97,1
36691,97,0
11604,97,0
36693,97,0
36618,1737,0
11619,1737,0
36620,1737,0
36621,1737,0
36622,1737,0
36623,1737,0
36624,1737,1
36696,1737,0
36627,1737,0
36697,1737,1
36632,1737,1
36633,1737,0
36636,1737,1
36638,1737,1
36640,1737,1
36641,1737,1
36643,1737,1
36644,1737,1
36645,1737,1
11697,1737,1
11655,1737,1
36652,1737,1
36701,1737,1
36656,1737,1
36657,1737,1
11573,1737,1
11574,1737,0
11575,1737,0
36664,1737,1
36665,1737,1
36666,1737,1
11579,1737,0
11580,1737,1
11583,1737,0
36673,1737,1
36674,1737,1
36931,1737,0
36932,1737,0
36933,1737,0
36934,1737,0
36935,1737,1
36936,1737,0
36937,1737,0
11594,1737,0
36939,1737,1
36940,1737,0
36941,1737,0
36942,1737,1
36943,1737,1
11600,1737,0
11601,1737,0
11602,1737,0
36947,1737,0
36948,1737,0
36949,1737,1
11577,1737,0
36952,1737,0
36953,1737,0
11612,1737,0
11578,1737,0
12382,1737,0
36959,1737,1
36960,1737,0
36961,1737,1
36962,1737,1
36963,1737,0
36964,1737,0
11588,1737,1
11626,1737,0
11628,1737,0
11629,1737,0
11630,1737,0
11637,1737,0
11641,1737,0
11642,1737,0
11644,1737,0
11645,1737,0
11646,1737,0
11653,1737,0
11585,1737,0
11656,1737,0
11657,1737,0
11658,1737,0
14988,1737,0
11661,1737,0
11663,1737,0
11615,1737,0
36675,1737,0
11673,1737,0
11672,1737,0
36676,1737,1
11680,1737,0
36678,1737,1
36679,1737,1
11692,1737,1
11693,1737,0
11694,1737,0
11696,1737,0
36680,1737,1
11705,1737,0
36683,1737,1
11596,1737,1
11617,1737,0
11685,1737,0
11618,1737,0
36691,1737,0
11604,1737,0
36693,1737,0
36618,1738,0
11619,1738,1
36620,1738,0
36621,1738,0
36622,1738,1
36623,1738,0
36624,1738,1
36696,1738,1
36627,1738,0
36697,1738,0
36632,1738,0
36633,1738,0
36636,1738,1
36638,1738,0
36640,1738,0
36641,1738,0
36643,1738,0
36644,1738,0
36645,1738,1
11697,1738,1
11655,1738,1
36652,1738,0
36701,1738,0
36656,1738,0
36657,1738,1
11573,1738,0
11574,1738,0
11575,1738,1
36664,1738,0
36665,1738,0
36666,1738,0
11579,1738,1
11580,1738,1
11583,1738,1
36673,1738,0
36674,1738,0
36931,1738,0
36932,1738,0
36933,1738,0
36934,1738,0
36935,1738,0
36936,1738,0
36937,1738,1
11594,1738,1
36939,1738,0
36940,1738,0
36941,1738,0
36942,1738,0
36943,1738,0
11600,1738,1
11601,1738,1
11602,1738,0
36947,1738,0
36948,1738,1
36949,1738,0
11577,1738,0
36952,1738,1
36953,1738,0
11612,1738,0
11578,1738,0
12382,1738,1
36959,1738,0
36960,1738,0
36961,1738,0
36962,1738,0
36963,1738,0
36964,1738,0
11588,1738,0
11626,1738,0
11628,1738,1
11629,1738,1
11630,1738,1
11637,1738,0
11641,1738,1
11642,1738,1
11644,1738,1
11645,1738,1
11646,1738,0
11653,1738,1
11585,1738,0
11656,1738,1
11657,1738,0
11658,1738,0
14988,1738,0
11661,1738,0
11663,1738,0
11615,1738,0
36675,1738,0
11673,1738,0
11672,1738,0
36676,1738,1
11680,1738,0
36678,1738,0
36679,1738,1
11692,1738,0
11693,1738,1
11694,1738,1
11696,1738,0
36680,1738,0
11705,1738,1
36683,1738,0
11596,1738,1
11617,1738,1
11685,1738,1
11618,1738,0
36691,1738,0
11604,1738,1
36693,1738,0
36618,1740,1
11619,1740,1
36620,1740,0
36621,1740,0
36622,1740,0
36623,1740,1
36624,1740,1
36696,1740,0
36627,1740,1
36697,1740,1
36632,1740,0
36633,1740,0
36636,1740,0
36638,1740,0
36640,1740,0
36641,1740,1
36643,1740,1
36644,1740,0
36645,1740,0
11697,1740,1
11655,1740,0
36652,1740,1
36701,1740,1
36656,1740,0
36657,1740,0
11573,1740,0
11574,1740,0
11575,1740,0
36664,1740,0
36665,1740,1
36666,1740,0
11579,1740,0
11580,1740,0
11583,1740,0
36673,1740,1
36674,1740,0
36931,1740,0
36932,1740,0
36933,1740,0
36934,1740,0
36935,1740,0
36936,1740,0
36937,1740,0
11594,1740,0
36939,1740,1
36940,1740,1
36941,1740,0
36942,1740,0
36943,1740,1
11600,1740,0
11601,1740,0
11602,1740,0
36947,1740,1
36948,1740,0
36949,1740,0
11577,1740,0
36952,1740,0
36953,1740,0
11612,1740,0
11578,1740,0
12382,1740,0
36959,1740,0
36960,1740,0
36961,1740,1
36962,1740,0
36963,1740,0
36964,1740,0
11588,1740,0
11626,1740,0
11628,1740,1
11629,1740,0
11630,1740,1
11637,1740,0
11641,1740,0
11642,1740,0
11644,1740,0
11645,1740,0
11646,1740,0
11653,1740,0
11585,1740,0
11656,1740,0
11657,1740,0
11658,1740,0
14988,1740,0
11661,1740,0
11663,1740,0
11615,1740,0
36675,1740,0
11673,1740,0
11672,1740,0
36676,1740,1
11680,1740,0
36678,1740,1
36679,1740,0
11692,1740,1
11693,1740,0
11694,1740,0
11696,1740,0
36680,1740,1
11705,1740,0
36683,1740,0
11596,1740,0
11617,1740,0
11685,1740,0
11618,1740,0
36691,1740,1
11604,1740,0
36693,1740,0
36618,1741,0
11619,1741,0
36620,1741,0
36621,1741,0
36622,1741,0
36623,1741,0
36624,1741,0
36696,1741,1
36627,1741,0
36697,1741,0
36632,1741,1
36633,1741,1
36636,1741,0
36638,1741,0
36640,1741,0
36641,1741,0
36643,1741,0
36644,1741,0
36645,1741,0
11697,1741,0
11655,1741,0
36652,1741,0
36701,1741,0
36656,1741,0
36657,1741,1
11573,1741,0
11574,1741,0
11575,1741,0
36664,1741,0
36665,1741,0
36666,1741,0
11579,1741,0
11580,1741,0
11583,1741,1
36673,1741,0
36674,1741,1
36931,1741,0
36932,1741,0
36933,1741,0
36934,1741,0
36935,1741,1
36936,1741,0
36937,1741,0
11594,1741,1
36939,1741,0
36940,1741,0
36941,1741,0
36942,1741,0
36943,1741,0
11600,1741,1
11601,1741,1
11602,1741,1
36947,1741,0
36948,1741,1
36949,1741,0
11577,1741,0
36952,1741,0
36953,1741,0
11612,1741,0
11578,1741,0
12382,1741,0
36959,1741,0
36960,1741,0
36961,1741,0
36962,1741,0
36963,1741,0
36964,1741,0
11588,1741,0
11626,1741,0
11628,1741,1
11629,1741,1
11630,1741,1
11637,1741,0
11641,1741,0
11642,1741,0
11644,1741,0
11645,1741,0
11646,1741,0
11653,1741,0
11585,1741,0
11656,1741,1
11657,1741,0
11658,1741,0
14988,1741,0
11661,1741,0
11663,1741,0
11615,1741,0
36675,1741,0
11673,1741,0
11672,1741,0
36676,1741,0
11680,1741,0
36678,1741,0
36679,1741,0
11692,1741,0
11693,1741,0
11694,1741,0
11696,1741,1
36680,1741,0
11705,1741,0
36683,1741,0
11596,1741,1
11617,1741,0
11685,1741,0
11618,1741,1
36691,1741,0
11604,1741,0
36693,1741,0
36618,1742,0
11619,1742,1
36620,1742,0
36621,1742,0
36622,1742,0
36623,1742,0
36624,1742,0
36696,1742,0
36627,1742,0
36697,1742,0
36632,1742,0
36633,1742,1
36636,1742,0
36638,1742,0
36640,1742,0
36641,1742,0
36643,1742,0
36644,1742,0
36645,1742,0
11697,1742,1
11655,1742,0
36652,1742,0
36701,1742,0
36656,1742,0
36657,1742,0
11573,1742,0
11574,1742,1
11575,1742,1
36664,1742,0
36665,1742,0
36666,1742,0
11579,1742,1
11580,1742,1
11583,1742,0
36673,1742,0
36674,1742,0
36931,1742,0
36932,1742,0
36933,1742,0
36934,1742,0
36935,1742,0
36936,1742,0
36937,1742,0
11594,1742,1
36939,1742,0
36940,1742,0
36941,1742,0
36942,1742,0
36943,1742,0
11600,1742,0
11601,1742,0
11602,1742,0
36947,1742,0
36948,1742,1
36949,1742,0
11577,1742,1
36952,1742,0
36953,1742,0
11612,1742,0
11578,1742,1
12382,1742,0
36959,1742,0
36960,1742,0
36961,1742,0
36962,1742,0
36963,1742,0
36964,1742,0
11588,1742,1
11626,1742,1
11628,1742,1
11629,1742,1
11630,1742,1
11637,1742,1
11641,1742,1
11642,1742,1
11644,1742,0
11645,1742,1
11646,1742,1
11653,1742,1
11585,1742,1
11656,1742,1
11657,1742,1
11658,1742,0
14988,1742,0
11661,1742,1
11663,1742,1
11615,1742,1
36675,1742,0
11673,1742,0
11672,1742,0
36676,1742,0
11680,1742,1
36678,1742,0
36679,1742,0
11692,1742,0
11693,1742,1
11694,1742,1
11696,1742,1
36680,1742,0
11705,1742,1
36683,1742,0
11596,1742,1
11617,1742,1
11685,1742,1
11618,1742,1
36691,1742,0
11604,1742,1
36693,1742,1
36618,335,1
11619,335,1
36620,335,0
36621,335,0
36622,335,1
36623,335,1
36624,335,1
36696,335,1
36627,335,1
36697,335,1
36632,335,1
36633,335,1
36636,335,1
36638,335,1
36640,335,1
36641,335,1
36643,335,1
36644,335,1
36645,335,1
11697,335,1
11655,335,1
36652,335,1
36701,335,1
36656,335,1
36657,335,1
11573,335,1
11574,335,1
11575,335,1
36664,335,1
36665,335,1
36666,335,0
11579,335,1
11580,335,1
11583,335,1
36673,335,1
36674,335,1
36931,335,1
36932,335,1
36933,335,1
36934,335,1
36935,335,1
36936,335,1
36937,335,1
11594,335,1
36939,335,1
36940,335,1
36941,335,1
36942,335,1
36943,335,1
11600,335,1
11601,335,1
11602,335,0
36947,335,1
36948,335,0
36949,335,0
11577,335,0
36952,335,0
36953,335,0
11612,335,0
11578,335,0
12382,335,1
36959,335,1
36960,335,1
36961,335,1
36962,335,1
36963,335,1
36964,335,1
11588,335,1
11626,335,1
11628,335,0
11629,335,1
11630,335,1
11637,335,1
11641,335,1
11642,335,1
11644,335,1
11645,335,0
11646,335,1
11653,335,1
11585,335,1
11656,335,1
11657,335,1
11658,335,1
14988,335,1
11661,335,1
11663,335,1
11615,335,0
36675,335,1
11673,335,1
11672,335,1
36676,335,1
11680,335,1
36678,335,1
36679,335,1
11692,335,1
11693,335,1
11694,335,1
11696,335,0
36680,335,1
11705,335,1
36683,335,0
11596,335,0
11617,335,1
11685,335,1
11618,335,1
36691,335,1
11604,335,1
36693,335,0
36618,1750,1
11619,1750,1
36620,1750,0
36621,1750,0
36622,1750,0
36623,1750,0
36624,1750,1
36696,1750,0
36627,1750,0
36697,1750,0
36632,1750,0
36633,1750,1
36636,1750,0
36638,1750,0
36640,1750,0
36641,1750,0
36643,1750,0
36644,1750,0
36645,1750,0
11697,1750,1
11655,1750,1
36652,1750,0
36701,1750,0
36656,1750,0
36657,1750,0
11573,1750,1
11574,1750,1
11575,1750,1
36664,1750,0
36665,1750,0
36666,1750,0
11579,1750,1
11580,1750,1
11583,1750,1
36673,1750,0
36674,1750,0
36931,1750,1
36932,1750,0
36933,1750,0
36934,1750,0
36935,1750,0
36936,1750,1
36937,1750,0
11594,1750,1
36939,1750,0
36940,1750,0
36941,1750,0
36942,1750,0
36943,1750,1
11600,1750,1
11601,1750,1
11602,1750,0
36947,1750,1
36948,1750,0
36949,1750,0
11577,1750,1
36952,1750,0
36953,1750,0
11612,1750,1
11578,1750,1
12382,1750,0
36959,1750,0
36960,1750,0
36961,1750,0
36962,1750,0
36963,1750,0
36964,1750,0
11588,1750,0
11626,1750,1
11628,1750,1
11629,1750,1
11630,1750,1
11637,1750,1
11641,1750,1
11642,1750,1
11644,1750,1
11645,1750,1
11646,1750,1
11653,1750,1
11585,1750,1
11656,1750,1
11657,1750,1
11658,1750,1
14988,1750,1
11661,1750,1
11663,1750,1
11615,1750,1
36675,1750,0
11673,1750,1
11672,1750,0
36676,1750,0
11680,1750,1
36678,1750,1
36679,1750,0
11692,1750,0
11693,1750,1
11694,1750,1
11696,1750,1
36680,1750,0
11705,1750,1
36683,1750,0
11596,1750,1
11617,1750,1
11685,1750,1
11618,1750,1
36691,1750,0
11604,1750,1
36693,1750,1
36618,1755,1
11619,1755,0
36620,1755,0
36621,1755,0
36622,1755,0
36623,1755,1
36624,1755,1
36696,1755,0
36627,1755,0
36697,1755,0
36632,1755,0
36633,1755,1
36636,1755,0
36638,1755,0
36640,1755,0
36641,1755,0
36643,1755,0
36644,1755,0
36645,1755,0
11697,1755,0
11655,1755,0
36652,1755,0
36701,1755,0
36656,1755,0
36657,1755,1
11573,1755,1
11574,1755,0
11575,1755,0
36664,1755,0
36665,1755,0
36666,1755,0
11579,1755,0
11580,1755,0
11583,1755,1
36673,1755,0
36674,1755,0
36931,1755,0
36932,1755,0
36933,1755,0
36934,1755,0
36935,1755,0
36936,1755,0
36937,1755,0
11594,1755,0
36939,1755,0
36940,1755,0
36941,1755,0
36942,1755,0
36943,1755,0
11600,1755,1
11601,1755,0
11602,1755,0
36947,1755,1
36948,1755,0
36949,1755,0
11577,1755,0
36952,1755,0
36953,1755,0
11612,1755,0
11578,1755,0
12382,1755,1
36959,1755,0
36960,1755,0
36961,1755,0
36962,1755,0
36963,1755,0
36964,1755,0
11588,1755,0
11626,1755,0
11628,1755,0
11629,1755,0
11630,1755,0
11637,1755,0
11641,1755,1
11642,1755,0
11644,1755,0
11645,1755,0
11646,1755,0
11653,1755,0
11585,1755,0
11656,1755,0
11657,1755,0
11658,1755,0
14988,1755,1
11661,1755,0
11663,1755,0
11615,1755,0
36675,1755,0
11673,1755,0
11672,1755,0
36676,1755,0
11680,1755,0
36678,1755,0
36679,1755,0
11692,1755,0
11693,1755,0
11694,1755,0
11696,1755,0
36680,1755,0
11705,1755,0
36683,1755,0
11596,1755,0
11617,1755,0
11685,1755,1
11618,1755,0
36691,1755,0
11604,1755,0
36693,1755,0
36618,1756,0
11619,1756,0
36620,1756,0
36621,1756,0
36622,1756,0
36623,1756,0
36624,1756,0
36696,1756,0
36627,1756,0
36697,1756,0
36632,1756,0
36633,1756,1
36636,1756,0
36638,1756,0
36640,1756,0
36641,1756,0
36643,1756,0
36644,1756,0
36645,1756,0
11697,1756,1
11655,1756,0
36652,1756,0
36701,1756,0
36656,1756,0
36657,1756,0
11573,1756,1
11574,1756,1
11575,1756,1
36664,1756,0
36665,1756,0
36666,1756,0
11579,1756,1
11580,1756,1
11583,1756,0
36673,1756,0
36674,1756,0
36931,1756,0
36932,1756,0
36933,1756,0
36934,1756,0
36935,1756,0
36936,1756,0
36937,1756,0
11594,1756,0
36939,1756,0
36940,1756,0
36941,1756,0
36942,1756,0
36943,1756,0
11600,1756,1
11601,1756,1
11602,1756,0
36947,1756,0
36948,1756,0
36949,1756,0
11577,1756,1
36952,1756,0
36953,1756,0
11612,1756,0
11578,1756,0
12382,1756,0
36959,1756,0
36960,1756,0
36961,1756,0
36962,1756,0
36963,1756,0
36964,1756,0
11588,1756,0
11626,1756,1
11628,1756,1
11629,1756,0
11630,1756,1
11637,1756,0
11641,1756,0
11642,1756,0
11644,1756,1
11645,1756,0
11646,1756,0
11653,1756,0
11585,1756,1
11656,1756,0
11657,1756,1
11658,1756,0
14988,1756,0
11661,1756,0
11663,1756,1
11615,1756,0
36675,1756,0
11673,1756,1
11672,1756,0
36676,1756,0
11680,1756,1
36678,1756,0
36679,1756,0
11692,1756,0
11693,1756,1
11694,1756,0
11696,1756,0
36680,1756,0
11705,1756,0
36683,1756,0
11596,1756,0
11617,1756,1
11685,1756,1
11618,1756,0
36691,1756,0
11604,1756,0
36693,1756,0
36618,1757,1
11619,1757,1
36620,1757,0
36621,1757,0
36622,1757,0
36623,1757,0
36624,1757,0
36696,1757,0
36627,1757,1
36697,1757,0
36632,1757,0
36633,1757,1
36636,1757,0
36638,1757,0
36640,1757,0
36641,1757,0
36643,1757,0
36644,1757,0
36645,1757,0
11697,1757,1
11655,1757,1
36652,1757,0
36701,1757,0
36656,1757,0
36657,1757,1
11573,1757,1
11574,1757,1
11575,1757,1
36664,1757,0
36665,1757,0
36666,1757,0
11579,1757,1
11580,1757,1
11583,1757,1
36673,1757,0
36674,1757,0
36931,1757,0
36932,1757,0
36933,1757,0
36934,1757,0
36935,1757,0
36936,1757,0
36937,1757,0
11594,1757,1
36939,1757,0
36940,1757,0
36941,1757,0
36942,1757,0
36943,1757,0
11600,1757,1
11601,1757,0
11602,1757,0
36947,1757,0
36948,1757,1
36949,1757,0
11577,1757,0
36952,1757,0
36953,1757,0
11612,1757,1
11578,1757,1
12382,1757,1
36959,1757,0
36960,1757,0
36961,1757,0
36962,1757,0
36963,1757,0
36964,1757,0
11588,1757,1
11626,1757,0
11628,1757,1
11629,1757,1
11630,1757,0
11637,1757,1
11641,1757,1
11642,1757,0
11644,1757,0
11645,1757,1
11646,1757,1
11653,1757,0
11585,1757,1
11656,1757,1
11657,1757,0
11658,1757,0
14988,1757,1
11661,1757,1
11663,1757,0
11615,1757,0
36675,1757,0
11673,1757,1
11672,1757,0
36676,1757,0
11680,1757,1
36678,1757,0
36679,1757,0
11692,1757,0
11693,1757,1
11694,1757,1
11696,1757,0
36680,1757,0
11705,1757,1
36683,1757,0
11596,1757,1
11617,1757,1
11685,1757,1
11618,1757,1
36691,1757,0
11604,1757,1
36693,1757,0
36618,1758,0
11619,1758,1
36620,1758,0
36621,1758,0
36622,1758,1
36623,1758,0
36624,1758,1
36696,1758,1
36627,1758,0
36697,1758,0
36632,1758,1
36633,1758,1
36636,1758,0
36638,1758,0
36640,1758,0
36641,1758,0
36643,1758,0
36644,1758,0
36645,1758,0
11697,1758,0
11655,1758,0
36652,1758,0
36701,1758,0
36656,1758,0
36657,1758,0
11573,1758,1
11574,1758,0
11575,1758,1
36664,1758,0
36665,1758,0
36666,1758,1
11579,1758,1
11580,1758,0
11583,1758,1
36673,1758,1
36674,1758,0
36931,1758,0
36932,1758,1
36933,1758,0
36934,1758,0
36935,1758,0
36936,1758,0
36937,1758,0
11594,1758,0
36939,1758,0
36940,1758,1
36941,1758,0
36942,1758,0
36943,1758,0
11600,1758,0
11601,1758,1
11602,1758,0
36947,1758,1
36948,1758,0
36949,1758,0
11577,1758,0
36952,1758,0
36953,1758,1
11612,1758,1
11578,1758,0
12382,1758,0
36959,1758,0
36960,1758,0
36961,1758,0
36962,1758,0
36963,1758,0
36964,1758,0
11588,1758,0
11626,1758,0
11628,1758,0
11629,1758,0
11630,1758,0
11637,1758,0
11641,1758,0
11642,1758,1
11644,1758,0
11645,1758,0
11646,1758,0
11653,1758,0
11585,1758,0
11656,1758,0
11657,1758,0
11658,1758,0
14988,1758,0
11661,1758,0
11663,1758,0
11615,1758,0
36675,1758,0
11673,1758,0
11672,1758,0
36676,1758,0
11680,1758,1
36678,1758,0
36679,1758,1
11692,1758,0
11693,1758,1
11694,1758,0
11696,1758,0
36680,1758,0
11705,1758,1
36683,1758,0
11596,1758,1
11617,1758,1
11685,1758,1
11618,1758,0
36691,1758,1
11604,1758,1
36693,1758,1
36618,1759,0
11619,1759,0
36620,1759,0
36621,1759,0
36622,1759,0
36623,1759,0
36624,1759,0
36696,1759,0
36627,1759,0
36697,1759,0
36632,1759,0
36633,1759,1
36636,1759,0
36638,1759,0
36640,1759,0
36641,1759,0
36643,1759,0
36644,1759,0
36645,1759,0
11697,1759,1
11655,1759,1
36652,1759,0
36701,1759,0
36656,1759,0
36657,1759,1
11573,1759,1
11574,1759,1
11575,1759,1
36664,1759,0
36665,1759,0
36666,1759,0
11579,1759,0
11580,1759,1
11583,1759,1
36673,1759,0
36674,1759,0
36931,1759,0
36932,1759,1
36933,1759,0
36934,1759,0
36935,1759,0
36936,1759,0
36937,1759,0
11594,1759,1
36939,1759,0
36940,1759,0
36941,1759,0
36942,1759,0
36943,1759,0
11600,1759,1
11601,1759,1
11602,1759,0
36947,1759,0
36948,1759,1
36949,1759,0
11577,1759,0
36952,1759,0
36953,1759,0
11612,1759,0
11578,1759,0
12382,1759,1
36959,1759,0
36960,1759,0
36961,1759,0
36962,1759,0
36963,1759,0
36964,1759,0
11588,1759,0
11626,1759,0
11628,1759,1
11629,1759,1
11630,1759,1
11637,1759,0
11641,1759,0
11642,1759,0
11644,1759,1
11645,1759,1
11646,1759,1
11653,1759,1
11585,1759,1
11656,1759,1
11657,1759,0
11658,1759,0
14988,1759,0
11661,1759,0
11663,1759,0
11615,1759,0
36675,1759,0
11673,1759,0
11672,1759,0
36676,1759,0
11680,1759,1
36678,1759,0
36679,1759,0
11692,1759,0
11693,1759,0
11694,1759,1
11696,1759,0
36680,1759,0
11705,1759,0
36683,1759,0
11596,1759,1
11617,1759,1
11685,1759,1
11618,1759,1
36691,1759,0
11604,1759,0
36693,1759,0
36618,1760,0
11619,1760,1
36620,1760,0
36621,1760,0
36622,1760,1
36623,1760,0
36624,1760,0
36696,1760,1
36627,1760,0
36697,1760,0
36632,1760,0
36633,1760,0
36636,1760,0
36638,1760,0
36640,1760,0
36641,1760,0
36643,1760,0
36644,1760,0
36645,1760,0
11697,1760,0
11655,1760,1
36652,1760,0
36701,1760,0
36656,1760,0
36657,1760,1
11573,1760,0
11574,1760,0
11575,1760,0
36664,1760,0
36665,1760,0
36666,1760,0
11579,1760,1
11580,1760,0
11583,1760,1
36673,1760,0
36674,1760,0
36931,1760,0
36932,1760,1
36933,1760,0
36934,1760,0
36935,1760,0
36936,1760,0
36937,1760,0
11594,1760,0
36939,1760,0
36940,1760,0
36941,1760,0
36942,1760,0
36943,1760,0
11600,1760,0
11601,1760,1
11602,1760,0
36947,1760,1
36948,1760,0
36949,1760,0
11577,1760,0
36952,1760,0
36953,1760,0
11612,1760,0
11578,1760,0
12382,1760,1
36959,1760,0
36960,1760,0
36961,1760,0
36962,1760,0
36963,1760,0
36964,1760,0
11588,1760,0
11626,1760,0
11628,1760,1
11629,1760,1
11630,1760,0
11637,1760,0
11641,1760,0
11642,1760,0
11644,1760,0
11645,1760,0
11646,1760,0
11653,1760,0
11585,1760,1
11656,1760,0
11657,1760,1
11658,1760,0
14988,1760,0
11661,1760,0
11663,1760,0
11615,1760,0
36675,1760,0
11673,1760,0
11672,1760,0
36676,1760,0
11680,1760,0
36678,1760,0
36679,1760,0
11692,1760,0
11693,1760,0
11694,1760,0
11696,1760,0
36680,1760,0
11705,1760,0
36683,1760,0
11596,1760,0
11617,1760,0
11685,1760,0
11618,1760,0
36691,1760,0
11604,1760,0
36693,1760,0
36618,1761,0
11619,1761,1
36620,1761,0
36621,1761,0
36622,1761,1
36623,1761,0
36624,1761,1
36696,1761,1
36627,1761,0
36697,1761,1
36632,1761,1
36633,1761,1
36636,1761,0
36638,1761,0
36640,1761,0
36641,1761,1
36643,1761,1
36644,1761,0
36645,1761,1
11697,1761,0
11655,1761,1
36652,1761,1
36701,1761,1
36656,1761,1
36657,1761,0
11573,1761,0
11574,1761,1
11575,1761,1
36664,1761,1
36665,1761,1
36666,1761,0
11579,1761,1
11580,1761,0
11583,1761,1
36673,1761,1
36674,1761,0
36931,1761,0
36932,1761,0
36933,1761,1
36934,1761,0
36935,1761,1
36936,1761,1
36937,1761,0
11594,1761,0
36939,1761,1
36940,1761,1
36941,1761,0
36942,1761,1
36943,1761,0
11600,1761,0
11601,1761,0
11602,1761,0
36947,1761,1
36948,1761,1
36949,1761,1
11577,1761,0
36952,1761,1
36953,1761,0
11612,1761,0
11578,1761,0
12382,1761,1
36959,1761,1
36960,1761,0
36961,1761,0
36962,1761,1
36963,1761,0
36964,1761,0
11588,1761,1
11626,1761,0
11628,1761,0
11629,1761,1
11630,1761,0
11637,1761,0
11641,1761,1
11642,1761,0
11644,1761,0
11645,1761,1
11646,1761,1
11653,1761,1
11585,1761,1
11656,1761,0
11657,1761,0
11658,1761,0
14988,1761,0
11661,1761,0
11663,1761,0
11615,1761,0
36675,1761,0
11673,1761,0
11672,1761,0
36676,1761,0
11680,1761,0
36678,1761,1
36679,1761,1
11692,1761,0
11693,1761,1
11694,1761,1
11696,1761,0
36680,1761,1
11705,1761,1
36683,1761,1
11596,1761,1
11617,1761,1
11685,1761,1
11618,1761,0
36691,1761,0
11604,1761,1
36693,1761,0
36618,1762,0
11619,1762,1
36620,1762,0
36621,1762,0
36622,1762,0
36623,1762,0
36624,1762,0
36696,1762,0
36627,1762,0
36697,1762,0
36632,1762,0
36633,1762,1
36636,1762,0
36638,1762,0
36640,1762,0
36641,1762,0
36643,1762,0
36644,1762,0
36645,1762,0
11697,1762,1
11655,1762,0
36652,1762,0
36701,1762,0
36656,1762,0
36657,1762,1
11573,1762,1
11574,1762,1
11575,1762,1
36664,1762,0
36665,1762,0
36666,1762,0
11579,1762,1
11580,1762,1
11583,1762,1
36673,1762,0
36674,1762,0
36931,1762,0
36932,1762,0
36933,1762,0
36934,1762,0
36935,1762,0
36936,1762,0
36937,1762,0
11594,1762,1
36939,1762,0
36940,1762,0
36941,1762,0
36942,1762,0
36943,1762,0
11600,1762,1
11601,1762,1
11602,1762,0
36947,1762,0
36948,1762,1
36949,1762,0
11577,1762,0
36952,1762,0
36953,1762,0
11612,1762,1
11578,1762,1
12382,1762,0
36959,1762,0
36960,1762,0
36961,1762,0
36962,1762,0
36963,1762,0
36964,1762,0
11588,1762,0
11626,1762,0
11628,1762,1
11629,1762,1
11630,1762,0
11637,1762,0
11641,1762,0
11642,1762,0
11644,1762,0
11645,1762,0
11646,1762,1
11653,1762,0
11585,1762,1
11656,1762,1
11657,1762,0
11658,1762,0
14988,1762,0
11661,1762,1
11663,1762,1
11615,1762,0
36675,1762,0
11673,1762,1
11672,1762,1
36676,1762,0
11680,1762,1
36678,1762,0
36679,1762,0
11692,1762,0
11693,1762,0
11694,1762,0
11696,1762,0
36680,1762,0
11705,1762,1
36683,1762,0
11596,1762,1
11617,1762,1
11685,1762,1
11618,1762,1
36691,1762,0
11604,1762,1
36693,1762,0
36618,1763,0
11619,1763,0
36620,1763,0
36621,1763,0
36622,1763,0
36623,1763,1
36624,1763,1
36696,1763,0
36627,1763,0
36697,1763,0
36632,1763,0
36633,1763,0
36636,1763,0
36638,1763,0
36640,1763,0
36641,1763,0
36643,1763,0
36644,1763,0
36645,1763,0
11697,1763,0
11655,1763,0
36652,1763,0
36701,1763,0
36656,1763,0
36657,1763,0
11573,1763,1
11574,1763,0
11575,1763,1
36664,1763,0
36665,1763,0
36666,1763,0
11579,1763,1
11580,1763,1
11583,1763,0
36673,1763,0
36674,1763,0
36931,1763,0
36932,1763,0
36933,1763,0
36934,1763,0
36935,1763,0
36936,1763,0
36937,1763,0
11594,1763,0
36939,1763,0
36940,1763,0
36941,1763,0
36942,1763,0
36943,1763,0
11600,1763,0
11601,1763,1
11602,1763,0
36947,1763,0
36948,1763,0
36949,1763,0
11577,1763,1
36952,1763,0
36953,1763,0
11612,1763,1
11578,1763,0
12382,1763,0
36959,1763,0
36960,1763,0
36961,1763,0
36962,1763,0
36963,1763,0
36964,1763,0
11588,1763,0
11626,1763,1
11628,1763,0
11629,1763,0
11630,1763,0
11637,1763,0
11641,1763,0
11642,1763,0
11644,1763,0
11645,1763,0
11646,1763,0
11653,1763,0
11585,1763,1
11656,1763,0
11657,1763,0
11658,1763,0
14988,1763,0
11661,1763,0
11663,1763,0
11615,1763,0
36675,1763,0
11673,1763,0
11672,1763,1
36676,1763,0
11680,1763,0
36678,1763,0
36679,1763,0
11692,1763,0
11693,1763,0
11694,1763,0
11696,1763,0
36680,1763,0
11705,1763,0
36683,1763,0
11596,1763,0
11617,1763,0
11685,1763,0
11618,1763,1
36691,1763,0
11604,1763,1
36693,1763,0
36618,1764,0
11619,1764,0
36620,1764,0
36621,1764,0
36622,1764,0
36623,1764,0
36624,1764,0
36696,1764,0
36627,1764,0
36697,1764,0
36632,1764,0
36633,1764,1
36636,1764,0
36638,1764,0
36640,1764,0
36641,1764,0
36643,1764,0
36644,1764,0
36645,1764,0
11697,1764,0
11655,1764,0
36652,1764,0
36701,1764,0
36656,1764,0
36657,1764,1
11573,1764,1
11574,1764,0
11575,1764,0
36664,1764,0
36665,1764,0
36666,1764,0
11579,1764,1
11580,1764,1
11583,1764,1
36673,1764,0
36674,1764,0
36931,1764,0
36932,1764,0
36933,1764,0
36934,1764,0
36935,1764,0
36936,1764,1
36937,1764,0
11594,1764,1
36939,1764,0
36940,1764,0
36941,1764,0
36942,1764,0
36943,1764,0
11600,1764,1
11601,1764,1
11602,1764,1
36947,1764,0
36948,1764,0
36949,1764,0
11577,1764,0
36952,1764,0
36953,1764,0
11612,1764,0
11578,1764,1
12382,1764,0
36959,1764,0
36960,1764,0
36961,1764,0
36962,1764,0
36963,1764,0
36964,1764,0
11588,1764,0
11626,1764,1
11628,1764,1
11629,1764,1
11630,1764,1
11637,1764,1
11641,1764,1
11642,1764,0
11644,1764,0
11645,1764,0
11646,1764,1
11653,1764,1
11585,1764,0
11656,1764,1
11657,1764,1
11658,1764,0
14988,1764,0
11661,1764,1
11663,1764,0
11615,1764,1
36675,1764,0
11673,1764,1
11672,1764,0
36676,1764,0
11680,1764,1
36678,1764,0
36679,1764,0
11692,1764,0
11693,1764,1
11694,1764,0
11696,1764,1
36680,1764,0
11705,1764,1
36683,1764,0
11596,1764,1
11617,1764,1
11685,1764,1
11618,1764,1
36691,1764,1
11604,1764,0
36693,1764,1
36618,1765,0
11619,1765,0
36620,1765,0
36621,1765,0
36622,1765,0
36623,1765,0
36624,1765,0
36696,1765,1
36627,1765,0
36697,1765,0
36632,1765,0
36633,1765,0
36636,1765,0
36638,1765,0
36640,1765,0
36641,1765,0
36643,1765,0
36644,1765,0
36645,1765,0
11697,1765,1
11655,1765,1
36652,1765,0
36701,1765,0
36656,1765,0
36657,1765,0
11573,1765,1
11574,1765,0
11575,1765,1
36664,1765,0
36665,1765,0
36666,1765,0
11579,1765,0
11580,1765,1
11583,1765,1
36673,1765,0
36674,1765,0
36931,1765,0
36932,1765,0
36933,1765,0
36934,1765,0
36935,1765,0
36936,1765,0
36937,1765,0
11594,1765,0
36939,1765,0
36940,1765,0
36941,1765,0
36942,1765,0
36943,1765,0
11600,1765,0
11601,1765,1
11602,1765,0
36947,1765,0
36948,1765,0
36949,1765,0
11577,1765,0
36952,1765,0
36953,1765,0
11612,1765,0
11578,1765,1
12382,1765,0
36959,1765,0
36960,1765,0
36961,1765,0
36962,1765,0
36963,1765,0
36964,1765,0
11588,1765,0
11626,1765,1
11628,1765,1
11629,1765,1
11630,1765,0
11637,1765,0
11641,1765,0
11642,1765,1
11644,1765,0
11645,1765,0
11646,1765,1
11653,1765,1
11585,1765,1
11656,1765,1
11657,1765,0
11658,1765,0
14988,1765,0
11661,1765,0
11663,1765,0
11615,1765,0
36675,1765,0
11673,1765,0
11672,1765,0
36676,1765,0
11680,1765,1
36678,1765,0
36679,1765,0
11692,1765,0
11693,1765,1
11694,1765,1
11696,1765,0
36680,1765,0
11705,1765,0
36683,1765,0
11596,1765,1
11617,1765,1
11685,1765,1
11618,1765,1
36691,1765,0
11604,1765,1
36693,1765,0
36618,1766,0
11619,1766,0
36620,1766,0
36621,1766,0
36622,1766,0
36623,1766,0
36624,1766,0
36696,1766,0
36627,1766,0
36697,1766,0
36632,1766,0
36633,1766,1
36636,1766,0
36638,1766,0
36640,1766,0
36641,1766,0
36643,1766,0
36644,1766,0
36645,1766,0
11697,1766,0
11655,1766,0
36652,1766,0
36701,1766,0
36656,1766,0
36657,1766,1
11573,1766,1
11574,1766,1
11575,1766,0
36664,1766,0
36665,1766,0
36666,1766,0
11579,1766,0
11580,1766,0
11583,1766,1
36673,1766,0
36674,1766,0
36931,1766,0
36932,1766,1
36933,1766,0
36934,1766,0
36935,1766,0
36936,1766,0
36937,1766,0
11594,1766,1
36939,1766,0
36940,1766,0
36941,1766,0
36942,1766,0
36943,1766,0
11600,1766,1
11601,1766,1
11602,1766,0
36947,1766,1
36948,1766,1
36949,1766,0
11577,1766,0
36952,1766,0
36953,1766,0
11612,1766,1
11578,1766,0
12382,1766,1
36959,1766,0
36960,1766,0
36961,1766,0
36962,1766,0
36963,1766,0
36964,1766,0
11588,1766,0
11626,1766,0
11628,1766,0
11629,1766,0
11630,1766,0
11637,1766,0
11641,1766,0
11642,1766,0
11644,1766,0
11645,1766,0
11646,1766,0
11653,1766,0
11585,1766,0
11656,1766,1
11657,1766,0
11658,1766,0
14988,1766,0
11661,1766,0
11663,1766,0
11615,1766,0
36675,1766,0
11673,1766,0
11672,1766,0
36676,1766,0
11680,1766,0
36678,1766,0
36679,1766,0
11692,1766,0
11693,1766,1
11694,1766,0
11696,1766,0
36680,1766,0
11705,1766,0
36683,1766,0
11596,1766,1
11617,1766,0
11685,1766,1
11618,1766,1
36691,1766,0
11604,1766,1
36693,1766,0
36618,1005,0
11619,1005,1
36620,1005,0
36621,1005,0
36622,1005,0
36623,1005,0
36624,1005,1
36696,1005,0
36627,1005,0
36697,1005,0
36632,1005,0
36633,1005,1
36636,1005,0
36638,1005,0
36640,1005,0
36641,1005,0
36643,1005,0
36644,1005,0
36645,1005,0
11697,1005,1
11655,1005,1
36652,1005,0
36701,1005,0
36656,1005,0
36657,1005,1
11573,1005,1
11574,1005,1
11575,1005,1
36664,1005,0
36665,1005,0
36666,1005,0
11579,1005,1
11580,1005,1
11583,1005,1
36673,1005,0
36674,1005,0
36931,1005,0
36932,1005,0
36933,1005,0
36934,1005,0
36935,1005,1
36936,1005,1
36937,1005,0
11594,1005,1
36939,1005,0
36940,1005,0
36941,1005,0
36942,1005,0
36943,1005,0
11600,1005,1
11601,1005,1
11602,1005,1
36947,1005,0
36948,1005,1
36949,1005,0
11577,1005,0
36952,1005,0
36953,1005,0
11612,1005,0
11578,1005,1
12382,1005,1
36959,1005,0
36960,1005,1
36961,1005,1
36962,1005,0
36963,1005,0
36964,1005,0
11588,1005,1
11626,1005,1
11628,1005,1
11629,1005,1
11630,1005,1
11637,1005,1
11641,1005,1
11642,1005,1
11644,1005,1
11645,1005,1
11646,1005,1
11653,1005,1
11585,1005,1
11656,1005,1
11657,1005,1
11658,1005,1
14988,1005,1
11661,1005,1
11663,1005,1
11615,1005,0
36675,1005,0
11673,1005,1
11672,1005,1
36676,1005,1
11680,1005,1
36678,1005,0
36679,1005,0
11692,1005,0
11693,1005,1
11694,1005,1
11696,1005,0
36680,1005,0
11705,1005,1
36683,1005,0
11596,1005,1
11617,1005,1
11685,1005,1
11618,1005,1
36691,1005,0
11604,1005,1
36693,1005,0
36618,885,1
11619,885,1
36620,885,1
36621,885,1
36622,885,1
36623,885,1
36624,885,1
36696,885,1
36627,885,1
36697,885,0
36632,885,1
36633,885,1
36636,885,1
36638,885,0
36640,885,0
36641,885,1
36643,885,1
36644,885,1
36645,885,1
11697,885,1
11655,885,1
36652,885,0
36701,885,1
36656,885,1
36657,885,1
11573,885,1
11574,885,1
11575,885,1
36664,885,1
36665,885,1
36666,885,1
11579,885,0
11580,885,1
11583,885,1
36673,885,1
36674,885,1
36931,885,1
36932,885,1
36933,885,1
36934,885,1
36935,885,1
36936,885,1
36937,885,1
11594,885,1
36939,885,1
36940,885,1
36941,885,1
36942,885,1
36943,885,1
11600,885,1
11601,885,0
11602,885,1
36947,885,1
36948,885,1
36949,885,1
11577,885,0
36952,885,1
36953,885,1
11612,885,1
11578,885,1
12382,885,1
36959,885,1
36960,885,1
36961,885,1
36962,885,1
36963,885,1
36964,885,1
11588,885,1
11626,885,1
11628,885,1
11629,885,1
11630,885,1
11637,885,1
11641,885,0
11642,885,0
11644,885,1
11645,885,1
11646,885,1
11653,885,1
11585,885,1
11656,885,1
11657,885,1
11658,885,1
14988,885,1
11661,885,1
11663,885,1
11615,885,1
36675,885,1
11673,885,1
11672,885,1
36676,885,1
11680,885,1
36678,885,1
36679,885,1
11692,885,1
11693,885,1
11694,885,1
11696,885,0
36680,885,1
11705,885,1
36683,885,1
11596,885,1
11617,885,1
11685,885,0
11618,885,1
36691,885,1
11604,885,1
36693,885,1
36618,1743,0
11619,1743,1
36620,1743,0
36621,1743,0
36622,1743,1
36623,1743,0
36624,1743,1
36696,1743,1
36627,1743,0
36697,1743,0
36632,1743,1
36633,1743,1
36636,1743,0
36638,1743,0
36640,1743,0
36641,1743,0
36643,1743,0
36644,1743,0
36645,1743,1
11697,1743,0
11655,1743,0
36652,1743,0
36701,1743,0
36656,1743,1
36657,1743,0
11573,1743,0
11574,1743,0
11575,1743,0
36664,1743,0
36665,1743,0
36666,1743,1
11579,1743,1
11580,1743,0
11583,1743,1
36673,1743,0
36674,1743,0
36931,1743,0
36932,1743,0
36933,1743,0
36934,1743,0
36935,1743,0
36936,1743,0
36937,1743,0
11594,1743,0
36939,1743,0
36940,1743,0
36941,1743,0
36942,1743,0
36943,1743,0
11600,1743,0
11601,1743,1
11602,1743,0
36947,1743,0
36948,1743,0
36949,1743,0
11577,1743,1
36952,1743,1
36953,1743,0
11612,1743,0
11578,1743,0
12382,1743,0
36959,1743,0
36960,1743,0
36961,1743,0
36962,1743,0
36963,1743,0
36964,1743,0
11588,1743,0
11626,1743,0
11628,1743,0
11629,1743,0
11630,1743,0
11637,1743,0
11641,1743,0
11642,1743,0
11644,1743,0
11645,1743,0
11646,1743,0
11653,1743,0
11585,1743,0
11656,1743,0
11657,1743,0
11658,1743,0
14988,1743,0
11661,1743,0
11663,1743,0
11615,1743,0
36675,1743,0
11673,1743,0
11672,1743,0
36676,1743,1
11680,1743,0
36678,1743,0
36679,1743,0
11692,1743,0
11693,1743,0
11694,1743,0
11696,1743,0
36680,1743,0
11705,1743,0
36683,1743,0
11596,1743,0
11617,1743,0
11685,1743,0
11618,1743,0
36691,1743,0
11604,1743,0
36693,1743,0
36618,1023,0
11619,1023,0
36620,1023,0
36621,1023,0
36622,1023,0
36623,1023,0
36624,1023,0
36696,1023,0
36627,1023,0
36697,1023,0
36632,1023,0
36633,1023,1
36636,1023,0
36638,1023,0
36640,1023,0
36641,1023,0
36643,1023,0
36644,1023,0
36645,1023,0
11697,1023,0
11655,1023,0
36652,1023,0
36701,1023,0
36656,1023,0
36657,1023,0
11573,1023,1
11574,1023,1
11575,1023,1
36664,1023,0
36665,1023,0
36666,1023,0
11579,1023,1
11580,1023,1
11583,1023,1
36673,1023,0
36674,1023,0
36931,1023,0
36932,1023,0
36933,1023,0
36934,1023,0
36935,1023,0
36936,1023,0
36937,1023,0
11594,1023,0
36939,1023,0
36940,1023,0
36941,1023,0
36942,1023,0
36943,1023,0
11600,1023,1
11601,1023,1
11602,1023,0
36947,1023,0
36948,1023,0
36949,1023,0
11577,1023,0
36952,1023,0
36953,1023,0
11612,1023,0
11578,1023,0
12382,1023,0
36959,1023,0
36960,1023,0
36961,1023,0
36962,1023,0
36963,1023,0
36964,1023,0
11588,1023,0
11626,1023,1
11628,1023,1
11629,1023,0
11630,1023,1
11637,1023,0
11641,1023,0
11642,1023,0
11644,1023,0
11645,1023,0
11646,1023,1
11653,1023,0
11585,1023,0
11656,1023,1
11657,1023,0
11658,1023,0
14988,1023,0
11661,1023,1
11663,1023,0
11615,1023,0
36675,1023,0
11673,1023,0
11672,1023,0
36676,1023,0
11680,1023,1
36678,1023,0
36679,1023,0
11692,1023,0
11693,1023,1
11694,1023,0
11696,1023,0
36680,1023,0
11705,1023,1
36683,1023,0
11596,1023,1
11617,1023,1
11685,1023,0
11618,1023,1
36691,1023,0
11604,1023,0
36693,1023,0
